{"type":"FeatureCollection","features":[
{"type":"Feature","properties":{"id":"d01","tipo":"principal","dia":1,"km":267,"horas":3.6,"pontos":["locadora","jumbo_rocks"],"trechos":[{"de":"locadora","para":"jumbo_rocks","km":267,"min":215}],"obs":"Partida no aeroporto (LAX) como aproximação: trocar pelo endereço da locadora do motorhome quando souber."},"geometry":{"type":"LineString","coordinates":[[-118.40783,33.94247],[-118.39819,33.94338],[-118.39785,33.94345],[-118.39784,33.9437],[-118.39744,33.94403],[-118.39653,33.94323],[-118.39625,33.94215],[-118.39624,33.93089],[-118.39124,33.93088],[-118.38926,33.93074],[-118.38811,33.93098],[-118.3818,33.93105],[-118.37984,33.93082],[-118.37538,33.92984],[-118.36874,33.92983],[-118.36661,33.93019],[-118.35625,33.93326],[-118.35348,33.93347],[-118.3519,33.93327],[-118.34995,33.9328],[-118.34785,33.93207],[-118.34476,33.93039],[-118.33881,33.9262],[-118.33664,33.92527],[-118.33432,33.92473],[-118.3324,33.92469],[-118.32144,33.92531],[-118.31275,33.92525],[-118.30969,33.92539],[-118.30704,33.92581],[-118.29646,33.92814],[-118.29381,33.92846],[-118.27875,33.92847],[-118.27598,33.92824],[-118.27045,33.92733],[-118.26008,33.92729],[-118.24791,33.9286],[-118.23286,33.92785],[-118.23077,33.92814],[-118.22589,33.92933],[-118.22271,33.92947],[-118.22053,33.92914],[-118.21848,33.92848],[-118.19077,33.9163],[-118.17715,33.91167],[-118.17452,33.91108],[-118.17136,33.9109],[-118.16837,33.91096],[-118.15206,33.9125],[-118.14554,33.91289],[-118.12825,33.91297],[-118.12401,33.91311],[-118.11714,33.9136],[-118.10821,33.9135],[-118.10739,33.91362],[-118.10619,33.91404],[-118.10539,33.91457],[-118.1046,33.91547],[-118.10421,33.91632],[-118.10413,33.91813],[-118.10435,33.92201],[-118.10421,33.92334],[-118.10364,33.92614],[-118.10219,33.93013],[-118.09402,33.94597],[-118.08719,33.95777],[-118.08336,33.96697],[-118.08031,33.97293],[-118.07859,33.9775],[-118.07762,33.97886],[-118.07356,33.98299],[-118.07199,33.98522],[-118.07129,33.98651],[-118.07022,33.98908],[-118.06767,33.99944],[-118.06661,34.0016],[-118.06548,34.00288],[-118.05999,34.00736],[-118.05777,34.00935],[-118.05697,34.01077],[-118.05637,34.01321],[-118.05577,34.01463],[-118.05513,34.01564],[-118.05318,34.01757],[-118.03943,34.02612],[-118.03124,34.03074],[-118.02169,34.03809],[-118.0203,34.03879],[-118.01337,34.04153],[-118.01195,34.04234],[-118.01078,34.04328],[-118.00934,34.04508],[-118.00274,34.05679],[-118.00116,34.05987],[-117.99982,34.06307],[-117.99801,34.06506],[-117.99691,34.06535],[-117.98833,34.06659],[-117.95841,34.07044],[-117.94089,34.07229],[-117.93109,34.07226],[-117.86955,34.0716],[-117.86781,34.07137],[-117.86597,34.07083],[-117.861,34.0684],[-117.85956,34.06803],[-117.8576,34.06789],[-117.85261,34.06827],[-117.8469,34.0681],[-117.84219,34.06874],[-117.84035,34.06875],[-117.83846,34.06841],[-117.83292,34.06676],[-117.82888,34.06473],[-117.82615,34.06392],[-117.81983,34.06348],[-117.81301,34.06371],[-117.80986,34.0641],[-117.80691,34.06497],[-117.7923,34.07157],[-117.79035,34.07219],[-117.78837,34.07259],[-117.7859,34.07277],[-117.7769,34.07272],[-117.77475,34.07252],[-117.76378,34.07082],[-117.76162,34.07076],[-117.75955,34.07106],[-117.75485,34.07269],[-117.73548,34.08063],[-117.73246,34.08138],[-117.71036,34.08176],[-117.70202,34.08158],[-117.69981,34.08182],[-117.69806,34.08212],[-117.69579,34.08277],[-117.68695,34.08656],[-117.68531,34.08697],[-117.68347,34.0872],[-117.64484,34.0873],[-117.64265,34.08711],[-117.64086,34.08677],[-117.63863,34.0861],[-117.63727,34.08551],[-117.6123,34.07117],[-117.60995,34.07],[-117.6076,34.0691],[-117.60528,34.06845],[-117.60214,34.0679],[-117.59947,34.06766],[-117.54728,34.06726],[-117.53041,34.06724],[-117.51787,34.06754],[-117.51459,34.06727],[-117.50798,34.06586],[-117.50529,34.06552],[-117.50301,34.06542],[-117.49374,34.06564],[-117.48927,34.06603],[-117.48352,34.06591],[-117.45891,34.06646],[-117.45334,34.06684],[-117.4478,34.06671],[-117.44048,34.0669],[-117.43526,34.06727],[-117.43036,34.06713],[-117.40408,34.06774],[-117.39565,34.06839],[-117.38767,34.0681],[-117.37477,34.06842],[-117.37059,34.06878],[-117.36532,34.06863],[-117.35203,34.06885],[-117.33949,34.06824],[-117.33779,34.06795],[-117.33364,34.06672],[-117.32929,34.06612],[-117.32638,34.06611],[-117.32136,34.06546],[-117.31377,34.06478],[-117.3076,34.06507],[-117.30385,34.06507],[-117.29195,34.06345],[-117.29036,34.06334],[-117.27845,34.06416],[-117.27339,34.0637],[-117.26522,34.06383],[-117.26146,34.06431],[-117.25253,34.06628],[-117.25052,34.06648],[-117.20529,34.0665],[-117.20315,34.06631],[-117.20145,34.06584],[-117.20005,34.06521],[-117.19563,34.06267],[-117.19403,34.06208],[-117.19288,34.06184],[-117.1906,34.06166],[-117.18061,34.06173],[-117.17717,34.06125],[-117.17472,34.06034],[-117.16565,34.05579],[-117.16438,34.05502],[-117.16307,34.05394],[-117.15919,34.04921],[-117.15817,34.04747],[-117.15562,34.04163],[-117.15435,34.03982],[-117.15248,34.03823],[-117.14842,34.03603],[-117.1464,34.03527],[-117.13819,34.03285],[-117.13374,34.03086],[-117.13095,34.02983],[-117.12788,34.02835],[-117.12683,34.02806],[-117.12081,34.02712],[-117.11961,34.02677],[-117.11691,34.02563],[-117.11494,34.02504],[-117.10738,34.02339],[-117.1056,34.02259],[-117.09591,34.01654],[-117.09399,34.0157],[-117.09139,34.01514],[-117.08777,34.01513],[-117.08602,34.01492],[-117.07347,34.01226],[-117.07168,34.01166],[-117.07025,34.01092],[-117.06895,34.00995],[-117.0675,34.00824],[-117.06158,33.99742],[-117.0544,33.98684],[-117.05038,33.97909],[-117.04936,33.97769],[-117.04813,33.97643],[-117.04599,33.9749],[-117.04179,33.97283],[-117.03618,33.96833],[-117.03095,33.96561],[-117.02699,33.96237],[-117.01674,33.95558],[-117.00764,33.94905],[-117.00623,33.948],[-117.00435,33.94625],[-116.9987,33.93955],[-116.99652,33.93733],[-116.99078,33.93331],[-116.98666,33.93136],[-116.98306,33.92834],[-116.98193,33.92773],[-116.9805,33.92723],[-116.97824,33.92687],[-116.97326,33.92696],[-116.96843,33.92725],[-116.94675,33.9268],[-116.921,33.9258],[-116.91871,33.9256],[-116.90929,33.9242],[-116.86211,33.92423],[-116.85881,33.92458],[-116.8551,33.92534],[-116.85007,33.92717],[-116.84618,33.92781],[-116.83289,33.93094],[-116.83031,33.93135],[-116.82802,33.93143],[-116.8233,33.93117],[-116.82206,33.93095],[-116.82035,33.93041],[-116.81813,33.92916],[-116.81167,33.92413],[-116.80863,33.92215],[-116.80233,33.9195],[-116.80046,33.91899],[-116.79828,33.91867],[-116.77119,33.9187],[-116.76036,33.92034],[-116.74716,33.92137],[-116.74518,33.92191],[-116.73907,33.92424],[-116.73693,33.92467],[-116.73518,33.9246],[-116.71456,33.92114],[-116.71202,33.92092],[-116.70915,33.92102],[-116.70675,33.9214],[-116.69716,33.92419],[-116.69505,33.92451],[-116.69362,33.92441],[-116.68466,33.9228],[-116.68157,33.9224],[-116.67891,33.92238],[-116.67558,33.92263],[-116.67224,33.92267],[-116.65685,33.92178],[-116.65314,33.92203],[-116.6445,33.92342],[-116.6415,33.92355],[-116.63793,33.92321],[-116.63527,33.92258],[-116.63316,33.92182],[-116.62676,33.91894],[-116.61372,33.91621],[-116.61132,33.91544],[-116.60854,33.91385],[-116.60721,33.91355],[-116.60616,33.91354],[-116.60492,33.9138],[-116.60378,33.91435],[-116.60289,33.91513],[-116.6022,33.91627],[-116.59354,33.95158],[-116.57491,34.0094],[-116.57503,34.0111],[-116.57606,34.01358],[-116.57705,34.01448],[-116.5794,34.01534],[-116.58018,34.01589],[-116.58075,34.01662],[-116.58121,34.01802],[-116.58166,34.0188],[-116.58343,34.02023],[-116.58397,34.02095],[-116.58525,34.02416],[-116.58514,34.02663],[-116.58553,34.02763],[-116.58633,34.02844],[-116.58924,34.0297],[-116.59038,34.0307],[-116.59185,34.03367],[-116.59177,34.03479],[-116.59123,34.03569],[-116.58866,34.03777],[-116.5871,34.04072],[-116.58495,34.04293],[-116.57383,34.05334],[-116.56954,34.05678],[-116.5519,34.06915],[-116.5433,34.07496],[-116.5372,34.07938],[-116.5126,34.09347],[-116.49282,34.10352],[-116.48186,34.10879],[-116.4788,34.10985],[-116.4761,34.11115],[-116.46855,34.11377],[-116.45767,34.11638],[-116.44169,34.12049],[-116.44071,34.12062],[-116.42369,34.12056],[-116.4223,34.12086],[-116.42218,34.12055],[-116.31509,34.12041],[-116.31504,34.11724],[-116.31452,34.11593],[-116.31362,34.11489],[-116.31227,34.11404],[-116.30955,34.11357],[-116.30885,34.11329],[-116.30825,34.11282],[-116.30752,34.11119],[-116.30624,34.10982],[-116.3058,34.10904],[-116.30453,34.10475],[-116.30362,34.10308],[-116.30361,34.10155],[-116.30338,34.10092],[-116.30215,34.09902],[-116.30091,34.09759],[-116.29815,34.09552],[-116.29623,34.09456],[-116.29454,34.09445],[-116.29394,34.09428],[-116.29265,34.09328],[-116.29167,34.09301],[-116.29092,34.09307],[-116.2898,34.09285],[-116.28789,34.09375],[-116.28728,34.09385],[-116.28488,34.09354],[-116.28291,34.09364],[-116.28114,34.09355],[-116.27906,34.09378],[-116.2755,34.09273],[-116.27354,34.0931],[-116.27063,34.09299],[-116.2693,34.09339],[-116.2658,34.09376],[-116.26423,34.09325],[-116.26008,34.09143],[-116.25929,34.09068],[-116.25832,34.08851],[-116.25742,34.08696],[-116.25672,34.08508],[-116.25551,34.08305],[-116.2549,34.08246],[-116.25314,34.08178],[-116.25165,34.08166],[-116.2507,34.08112],[-116.25006,34.08095],[-116.24925,34.08093],[-116.24705,34.08143],[-116.24514,34.0816],[-116.24335,34.08135],[-116.24229,34.08083],[-116.24188,34.08023],[-116.24159,34.07902],[-116.2408,34.07779],[-116.23817,34.07498],[-116.23735,34.07284],[-116.23566,34.07053],[-116.23292,34.06901],[-116.23151,34.06741],[-116.23026,34.06647],[-116.22917,34.065],[-116.22882,34.06339],[-116.22802,34.06221],[-116.22537,34.06],[-116.22476,34.05878],[-116.22358,34.05745],[-116.22227,34.05666],[-116.22005,34.05571],[-116.21732,34.05421],[-116.21664,34.05409],[-116.21526,34.05435],[-116.21345,34.05415],[-116.21104,34.05347],[-116.20869,34.05232],[-116.20558,34.04983],[-116.2016,34.04738],[-116.20116,34.04682],[-116.20066,34.04573],[-116.19938,34.04508],[-116.19904,34.04474],[-116.19812,34.04325],[-116.19766,34.04199],[-116.19673,34.04094],[-116.19625,34.0398],[-116.19555,34.03919],[-116.19466,34.03894],[-116.19309,34.039],[-116.19075,34.0397],[-116.1872,34.04047],[-116.1861,34.04037],[-116.18508,34.03985],[-116.18279,34.03698],[-116.18196,34.03322],[-116.18099,34.03019],[-116.1805,34.02975],[-116.17768,34.02864],[-116.17591,34.02732],[-116.17535,34.02677],[-116.17379,34.02422],[-116.17324,34.02244],[-116.17292,34.0219],[-116.16919,34.01965],[-116.16855,34.01903],[-116.16765,34.01739],[-116.16692,34.01652],[-116.16583,34.01567],[-116.16247,34.01372],[-116.16173,34.01284],[-116.16151,34.01202],[-116.16158,34.01138],[-116.16193,34.01033],[-116.16307,34.00833],[-116.16373,34.00572],[-116.16391,34.0036],[-116.16358,33.9995],[-116.16311,33.99697],[-116.1637,33.9927],[-116.16311,33.9915],[-116.162,33.99064],[-116.15962,33.98996],[-116.15689,33.98858],[-116.15519,33.98865],[-116.15365,33.98905],[-116.15188,33.99043],[-116.15028,33.99253],[-116.14608,33.99721],[-116.1426,34.00042],[-116.14156,34.00166],[-116.14079,34.00206],[-116.13927,34.00237],[-116.13799,34.00301],[-116.13591,34.00329],[-116.13241,34.00274],[-116.13065,34.00259],[-116.12829,34.00274],[-116.12562,34.00239],[-116.12424,34.00202],[-116.12325,34.00206],[-116.12167,34.00261],[-116.11944,34.00429],[-116.11777,34.00518],[-116.11354,34.00667],[-116.11126,34.00783],[-116.10578,34.00996],[-116.10442,34.01024],[-116.10235,34.01034],[-116.0976,34.01009],[-116.09535,34.00979],[-116.09278,34.00882],[-116.09116,34.00839],[-116.08821,34.00719],[-116.08521,34.00635],[-116.08358,34.00548],[-116.08115,34.00303],[-116.08016,34.00158],[-116.07948,34.00001],[-116.078,33.99896],[-116.07744,33.99836],[-116.07649,33.9967],[-116.07613,33.99456],[-116.07576,33.99355],[-116.07421,33.9916],[-116.07358,33.99109],[-116.07249,33.99087],[-116.07025,33.99119],[-116.06831,33.99213],[-116.06791,33.99179],[-116.06697,33.99165],[-116.06658,33.99169],[-116.0658,33.99207],[-116.06432,33.99195],[-116.0636,33.9921],[-116.06281,33.99127],[-116.06241,33.99122],[-116.06228,33.99137]]}},
{"type":"Feature","properties":{"id":"d02","tipo":"principal","dia":2,"km":404.2,"horas":5.5,"pontos":["jumbo_rocks","hidden_valley","keys_view","kingman_centro","blake_ranch"],"trechos":[{"de":"jumbo_rocks","para":"hidden_valley","km":15.1,"min":23},{"de":"hidden_valley","para":"keys_view","km":12.2,"min":19},{"de":"keys_view","para":"kingman_centro","km":348.2,"min":267},{"de":"kingman_centro","para":"blake_ranch","km":28.7,"min":20}]},"geometry":{"type":"LineString","coordinates":[[-116.06228,33.99137],[-116.06166,33.99163],[-116.0613,33.99202],[-116.06197,33.9926],[-116.06271,33.99269],[-116.0636,33.9921],[-116.06418,33.99197],[-116.0658,33.99207],[-116.06658,33.99169],[-116.06697,33.99165],[-116.06791,33.99179],[-116.06831,33.99213],[-116.07025,33.99119],[-116.07249,33.99087],[-116.07358,33.99109],[-116.07421,33.9916],[-116.07576,33.99355],[-116.07613,33.99456],[-116.07649,33.9967],[-116.07744,33.99836],[-116.078,33.99896],[-116.07948,34.00001],[-116.08016,34.00158],[-116.08115,34.00303],[-116.08358,34.00548],[-116.08521,34.00635],[-116.08821,34.00719],[-116.09116,34.00839],[-116.09278,34.00882],[-116.09535,34.00979],[-116.0976,34.01009],[-116.10235,34.01034],[-116.10442,34.01024],[-116.10578,34.00996],[-116.11126,34.00783],[-116.11354,34.00667],[-116.11777,34.00518],[-116.11944,34.00429],[-116.12167,34.00261],[-116.12325,34.00206],[-116.12424,34.00202],[-116.12562,34.00239],[-116.12829,34.00274],[-116.13065,34.00259],[-116.13241,34.00274],[-116.13457,34.00315],[-116.13619,34.0033],[-116.13799,34.00301],[-116.13949,34.00229],[-116.14097,34.002],[-116.14156,34.00166],[-116.1426,34.00042],[-116.14608,33.99721],[-116.15028,33.99253],[-116.15208,33.99026],[-116.1539,33.98893],[-116.15587,33.98855],[-116.15689,33.98858],[-116.15962,33.98996],[-116.16172,33.99052],[-116.16228,33.99079],[-116.16311,33.9915],[-116.16366,33.9925],[-116.16371,33.99323],[-116.16311,33.99692],[-116.16358,33.9995],[-116.16388,34.00267],[-116.16378,34.00546],[-116.16301,34.00852],[-116.16193,34.01033],[-116.16151,34.01202],[-116.16173,34.01284],[-116.16224,34.01353],[-116.16446,34.01488],[-116.16558,34.0132],[-116.16623,34.01285],[-116.16715,34.0127],[-116.16788,34.0124],[-116.16806,34.01209],[-116.16775,34.01147],[-116.16736,34.01151],[-116.1653,34.01347],[-116.16446,34.01488],[-116.16224,34.01353],[-116.16173,34.01284],[-116.16151,34.01202],[-116.16193,34.01033],[-116.16307,34.00833],[-116.1638,34.00518],[-116.16388,34.00267],[-116.16358,33.9995],[-116.16311,33.99692],[-116.16372,33.99293],[-116.16329,33.99174],[-116.16416,33.99124],[-116.16455,33.99053],[-116.16421,33.98859],[-116.16423,33.9877],[-116.16452,33.98626],[-116.16503,33.98509],[-116.16537,33.98242],[-116.16458,33.9752],[-116.16482,33.97447],[-116.16641,33.97152],[-116.16923,33.96789],[-116.17064,33.96637],[-116.17201,33.96518],[-116.17306,33.96376],[-116.17307,33.96318],[-116.17249,33.9616],[-116.17238,33.96077],[-116.17316,33.95663],[-116.17315,33.95377],[-116.17297,33.95252],[-116.17324,33.95034],[-116.17314,33.94968],[-116.1725,33.94809],[-116.17229,33.94568],[-116.17295,33.94305],[-116.17376,33.94149],[-116.17409,33.93981],[-116.17415,33.93851],[-116.17376,33.93674],[-116.17433,33.93484],[-116.17417,33.93258],[-116.17472,33.93087],[-116.17446,33.93017],[-116.1735,33.92917],[-116.1734,33.92864],[-116.17419,33.92743],[-116.17487,33.9269],[-116.17561,33.92666],[-116.17768,33.92639],[-116.17921,33.92655],[-116.18073,33.92649],[-116.18237,33.92725],[-116.18337,33.92742],[-116.1839,33.92738],[-116.18529,33.92694],[-116.18597,33.92697],[-116.18675,33.92724],[-116.18734,33.92721],[-116.1874,33.92701],[-116.18529,33.92694],[-116.1839,33.92738],[-116.18337,33.92742],[-116.18237,33.92725],[-116.18073,33.92649],[-116.17921,33.92655],[-116.17768,33.92639],[-116.17561,33.92666],[-116.17487,33.9269],[-116.17419,33.92743],[-116.17343,33.92853],[-116.1735,33.92917],[-116.17446,33.93017],[-116.17472,33.93087],[-116.17417,33.93258],[-116.17433,33.93484],[-116.17376,33.93674],[-116.17415,33.93851],[-116.17409,33.93981],[-116.17376,33.94149],[-116.17295,33.94305],[-116.17229,33.94568],[-116.1725,33.94809],[-116.17323,33.95012],[-116.17297,33.95252],[-116.17315,33.95377],[-116.17316,33.95663],[-116.17238,33.96077],[-116.17309,33.96358],[-116.17275,33.96435],[-116.16923,33.96789],[-116.16641,33.97152],[-116.16467,33.97483],[-116.16459,33.97596],[-116.16496,33.97824],[-116.16535,33.98272],[-116.16503,33.98509],[-116.16452,33.98626],[-116.16423,33.9877],[-116.16421,33.98859],[-116.16455,33.99053],[-116.16423,33.99116],[-116.16375,33.99153],[-116.16329,33.99174],[-116.16283,33.9912],[-116.162,33.99064],[-116.15962,33.98996],[-116.15715,33.98865],[-116.15611,33.98853],[-116.15423,33.98882],[-116.15335,33.98924],[-116.15188,33.99043],[-116.15028,33.99253],[-116.14608,33.99721],[-116.1426,34.00042],[-116.14156,34.00166],[-116.14097,34.002],[-116.13949,34.00229],[-116.13799,34.00301],[-116.13619,34.0033],[-116.13457,34.00315],[-116.13241,34.00274],[-116.13065,34.00259],[-116.12829,34.00274],[-116.12562,34.00239],[-116.12424,34.00202],[-116.12325,34.00206],[-116.12167,34.00261],[-116.11944,34.00429],[-116.11777,34.00518],[-116.11354,34.00667],[-116.11126,34.00783],[-116.10578,34.00996],[-116.10442,34.01024],[-116.10235,34.01034],[-116.0976,34.01009],[-116.09535,34.00979],[-116.09278,34.00882],[-116.09116,34.00839],[-116.08821,34.00719],[-116.08548,34.00645],[-116.08422,34.00589],[-116.08314,34.00514],[-116.08142,34.00338],[-116.08027,34.00177],[-116.07934,33.99985],[-116.078,33.99896],[-116.07744,33.99836],[-116.07649,33.9967],[-116.07588,33.99381],[-116.07529,33.99284],[-116.07421,33.9916],[-116.07358,33.99109],[-116.07286,33.99088],[-116.07025,33.99119],[-116.06838,33.99209],[-116.06548,33.99386],[-116.06206,33.9962],[-116.06045,33.99757],[-116.05598,34.00044],[-116.05225,34.00257],[-116.04983,34.00359],[-116.04805,34.0048],[-116.04404,34.00713],[-116.03995,34.00916],[-116.03685,34.01095],[-116.03507,34.01234],[-116.0319,34.01427],[-116.03035,34.01514],[-116.02881,34.01577],[-116.02825,34.01623],[-116.02718,34.01758],[-116.02659,34.01803],[-116.02579,34.01834],[-116.0212,34.0193],[-116.02048,34.01974],[-116.01912,34.02115],[-116.01881,34.02225],[-116.01917,34.02354],[-116.01957,34.02408],[-116.02068,34.02502],[-116.02107,34.02603],[-116.02105,34.02723],[-116.02047,34.02847],[-116.02038,34.02906],[-116.02062,34.02986],[-116.02199,34.03259],[-116.02187,34.03494],[-116.02231,34.03856],[-116.02291,34.03949],[-116.02414,34.0405],[-116.02534,34.04122],[-116.02625,34.04233],[-116.02703,34.04536],[-116.02715,34.04705],[-116.02771,34.04858],[-116.02763,34.04954],[-116.02686,34.05113],[-116.02665,34.05195],[-116.02681,34.05485],[-116.02648,34.05545],[-116.0253,34.05668],[-116.02516,34.05738],[-116.02545,34.05852],[-116.02542,34.0592],[-116.02427,34.06075],[-116.02401,34.06143],[-116.02449,34.06826],[-116.02494,34.06897],[-116.02553,34.06939],[-116.03549,34.07371],[-116.03623,34.07439],[-116.03652,34.07515],[-116.03674,34.10659],[-116.03669,34.13588],[-115.96846,34.13648],[-115.91517,34.13663],[-115.9143,34.13654],[-115.91299,34.13599],[-115.89734,34.12295],[-115.89628,34.12227],[-115.8952,34.12196],[-115.77967,34.12239],[-115.77457,34.12237],[-115.77122,34.12202],[-115.75472,34.11963],[-115.73095,34.11648],[-115.6894,34.11069],[-115.66751,34.10683],[-115.62896,34.09841],[-115.62287,34.09743],[-115.61199,34.09698],[-115.61012,34.09677],[-115.58678,34.09138],[-115.58554,34.09096],[-115.5835,34.0897],[-115.58044,34.08546],[-115.57714,34.08229],[-115.57527,34.08101],[-115.56894,34.07737],[-115.56808,34.077],[-115.55901,34.07444],[-115.55403,34.07347],[-115.55299,34.07338],[-115.55168,34.07348],[-115.55001,34.074],[-115.54848,34.07505],[-115.54772,34.07598],[-115.54039,34.09092],[-115.53476,34.10286],[-115.52835,34.11451],[-115.52726,34.11574],[-115.52607,34.11653],[-115.52417,34.11708],[-115.52253,34.11707],[-115.5101,34.11553],[-115.47943,34.1114],[-115.45307,34.10425],[-115.4112,34.09265],[-115.39359,34.09134],[-115.39095,34.09101],[-115.38316,34.08954],[-115.36147,34.0845],[-115.35159,34.08203],[-115.27482,34.06151],[-115.26908,34.06019],[-115.26532,34.05876],[-115.26084,34.05778],[-115.22872,34.04957],[-115.22291,34.04731],[-115.21973,34.047],[-115.19361,34.06312],[-115.19246,34.06368],[-115.19109,34.06407],[-115.17238,34.06711],[-115.11518,34.08693],[-114.93712,34.10743],[-114.93572,34.10753],[-114.934,34.10732],[-114.91062,34.10149],[-114.90918,34.10101],[-114.90319,34.09783],[-114.90201,34.09737],[-114.85201,34.08435],[-114.83319,34.07975],[-114.82961,34.07958],[-114.79487,34.07958],[-114.79332,34.07969],[-114.77364,34.08289],[-114.73217,34.08979],[-114.68883,34.10776],[-114.68794,34.10835],[-114.68715,34.10911],[-114.6775,34.12155],[-114.67655,34.1225],[-114.59685,34.18389],[-114.59535,34.18466],[-114.59427,34.18497],[-114.57424,34.18849],[-114.57561,34.18974],[-114.5773,34.19043],[-114.59551,34.19244],[-114.60163,34.19377],[-114.60295,34.19431],[-114.60445,34.19521],[-114.6057,34.19629],[-114.6405,34.23301],[-114.6412,34.23401],[-114.64727,34.26282],[-114.6476,34.26633],[-114.64861,34.26919],[-114.65118,34.28148],[-114.65519,34.37255],[-114.65328,34.37988],[-114.64904,34.51981],[-114.64282,34.58077],[-114.64257,34.5816],[-114.64184,34.58254],[-114.63687,34.58726],[-114.63144,34.59517],[-114.63104,34.59633],[-114.63125,34.59718],[-114.64101,34.61575],[-114.64126,34.61727],[-114.63986,34.6212],[-114.63785,34.62486],[-114.63624,34.62717],[-114.63619,34.62835],[-114.63679,34.62962],[-114.63692,34.63049],[-114.63491,34.63515],[-114.62769,34.64678],[-114.62741,34.64755],[-114.62704,34.65227],[-114.62862,34.66429],[-114.62952,34.66756],[-114.62959,34.66848],[-114.62941,34.66931],[-114.62836,34.67063],[-114.6254,34.67282],[-114.62273,34.67453],[-114.62213,34.67552],[-114.62136,34.67963],[-114.6211,34.68022],[-114.61996,34.6813],[-114.61756,34.68231],[-114.61688,34.68292],[-114.61643,34.68373],[-114.61291,34.69734],[-114.613,34.70596],[-114.61416,34.71012],[-114.61409,34.71147],[-114.61236,34.71587],[-114.60999,34.71937],[-114.60929,34.72085],[-114.60794,34.72229],[-114.60739,34.72423],[-114.60338,34.72845],[-114.60263,34.72972],[-114.6021,34.74568],[-114.60163,34.747],[-114.59848,34.75283],[-114.59715,34.7569],[-114.59599,34.76978],[-114.59564,34.76983],[-114.58502,34.76015],[-114.58419,34.75963],[-114.58304,34.75959],[-114.57903,34.76053],[-114.57771,34.76094],[-114.57641,34.76159],[-114.57417,34.76117],[-114.57298,34.76053],[-114.57176,34.75936],[-114.54383,34.72631],[-114.54131,34.72448],[-114.53138,34.71886],[-114.52881,34.71785],[-114.52753,34.71749],[-114.52475,34.71702],[-114.5225,34.71691],[-114.50042,34.71778],[-114.49146,34.71695],[-114.47884,34.71767],[-114.47579,34.71804],[-114.46576,34.71846],[-114.40155,34.72594],[-114.3951,34.72651],[-114.31683,34.72943],[-114.28118,34.73046],[-114.27596,34.73078],[-114.27151,34.73126],[-114.26772,34.73186],[-114.26361,34.73269],[-114.25954,34.73371],[-114.25211,34.73616],[-114.24846,34.73761],[-114.24408,34.73969],[-114.22268,34.75088],[-114.21655,34.75447],[-114.16277,34.79296],[-114.15803,34.79708],[-114.15435,34.80103],[-114.15248,34.80352],[-114.15009,34.80724],[-114.14767,34.81213],[-114.14654,34.81517],[-114.14537,34.81945],[-114.14472,34.82388],[-114.14455,34.82809],[-114.14808,34.88058],[-114.14857,34.88322],[-114.14931,34.88522],[-114.15003,34.88672],[-114.1529,34.89126],[-114.15406,34.89368],[-114.15459,34.89548],[-114.15494,34.89739],[-114.15495,34.90029],[-114.11687,35.10442],[-114.11532,35.1105],[-114.11348,35.1163],[-114.11185,35.12038],[-114.10998,35.12421],[-114.1071,35.12901],[-114.09326,35.14878],[-114.08978,35.15265],[-114.08618,35.15564],[-114.08259,35.15797],[-114.07608,35.1612],[-114.07458,35.16263],[-114.07391,35.16415],[-114.07377,35.16538],[-114.0738,35.166],[-114.07491,35.17013],[-114.07522,35.1723],[-114.07518,35.1739],[-114.07467,35.17616],[-114.07395,35.17774],[-114.07285,35.17945],[-114.07026,35.18239],[-114.06836,35.18501],[-114.06683,35.18846],[-114.06641,35.19074],[-114.06136,35.19037],[-114.06053,35.18974],[-114.05916,35.18972],[-114.0582,35.18943],[-114.05798,35.18932],[-114.05824,35.18886],[-114.05798,35.18932],[-114.0582,35.18943],[-114.05916,35.18972],[-114.06053,35.18974],[-114.06136,35.19037],[-114.0664,35.19087],[-114.06684,35.19493],[-114.06668,35.19809],[-114.0663,35.19942],[-114.06569,35.2006],[-114.06085,35.2062],[-114.05838,35.20875],[-114.056,35.21057],[-114.05455,35.21141],[-114.05208,35.21263],[-114.04894,35.21395],[-114.04425,35.21536],[-114.03572,35.21707],[-114.03406,35.21724],[-114.031,35.2173],[-114.0222,35.21685],[-114.00093,35.21723],[-113.99851,35.21717],[-113.99507,35.21687],[-113.99146,35.21627],[-113.98587,35.21496],[-113.92277,35.19957],[-113.91731,35.19844],[-113.91232,35.19797],[-113.83738,35.19405],[-113.83214,35.19355],[-113.82852,35.19292],[-113.82266,35.19105],[-113.79532,35.17885],[-113.79239,35.17729],[-113.79105,35.17635],[-113.79147,35.17593],[-113.79255,35.17561],[-113.79226,35.1753],[-113.79172,35.17521]]}},
{"type":"Feature","properties":{"id":"d03","tipo":"principal","dia":3,"km":320.1,"horas":4,"pontos":["blake_ranch","hackberry","seligman","williams","mather"],"trechos":[{"de":"blake_ranch","para":"hackberry","km":60.4,"min":45},{"de":"hackberry","para":"seligman","km":96.4,"min":71},{"de":"seligman","para":"williams","km":69,"min":46},{"de":"williams","para":"mather","km":94.3,"min":77}],"obs":"Route 66 antiga de Kingman a Seligman (Hackberry, Truxton, Peach Springs); de Seligman a Williams pela I-40. Saindo do Blake Ranch, volta ~20 km pela I-40 até Kingman."},"geometry":{"type":"LineString","coordinates":[[-113.79172,35.17521],[-113.79226,35.1753],[-113.79255,35.17561],[-113.7913,35.17603],[-113.79033,35.17753],[-113.79223,35.17799],[-113.79627,35.17964],[-113.82237,35.19128],[-113.82471,35.19211],[-113.82886,35.19329],[-113.83294,35.194],[-113.83542,35.19424],[-113.90173,35.19769],[-113.91586,35.19854],[-113.92157,35.19959],[-113.99112,35.2165],[-113.99477,35.21713],[-113.99927,35.21752],[-114.01011,35.21736],[-114.01223,35.21746],[-114.01324,35.21782],[-114.01356,35.21818],[-114.01361,35.21861],[-114.01321,35.21914],[-114.01239,35.21926],[-114.01014,35.21786],[-114.00688,35.22138],[-114.00339,35.22451],[-113.95773,35.2723],[-113.95543,35.27512],[-113.95222,35.27849],[-113.82563,35.41045],[-113.82423,35.41185],[-113.82253,35.41325],[-113.81971,35.41511],[-113.81697,35.4165],[-113.81478,35.41727],[-113.81117,35.41821],[-113.80662,35.41877],[-113.80292,35.41873],[-113.80118,35.41854],[-113.79769,35.41791],[-113.7947,35.417],[-113.77725,35.41032],[-113.77402,35.4087],[-113.73642,35.38722],[-113.73389,35.38518],[-113.73166,35.38252],[-113.73052,35.38139],[-113.72702,35.37872],[-113.72449,35.37592],[-113.72341,35.37497],[-113.7152,35.36911],[-113.71144,35.36698],[-113.70786,35.36538],[-113.70555,35.36453],[-113.69509,35.36175],[-113.69325,35.36152],[-113.69141,35.36149],[-113.68958,35.36174],[-113.68756,35.36221],[-113.67567,35.36654],[-113.67347,35.3675],[-113.67237,35.36823],[-113.67145,35.36906],[-113.67014,35.37083],[-113.66292,35.3825],[-113.65921,35.38672],[-113.65578,35.39289],[-113.65478,35.39697],[-113.65433,35.39813],[-113.65,35.40633],[-113.64719,35.41225],[-113.64698,35.41458],[-113.64726,35.41724],[-113.64907,35.42342],[-113.6495,35.42578],[-113.64937,35.42978],[-113.64912,35.43165],[-113.64825,35.43424],[-113.64533,35.43981],[-113.64368,35.44209],[-113.6409,35.44468],[-113.63323,35.4505],[-113.63175,35.45148],[-113.62776,35.45365],[-113.48655,35.52193],[-113.48392,35.52285],[-113.48086,35.52357],[-113.47756,35.52401],[-113.47541,35.5241],[-113.47177,35.52392],[-113.45771,35.5218],[-113.45438,35.52164],[-113.4523,35.5218],[-113.44899,35.52243],[-113.42822,35.52858],[-113.42265,35.52967],[-113.42171,35.53018],[-113.42095,35.53115],[-113.41995,35.5356],[-113.41917,35.53743],[-113.41834,35.53847],[-113.41676,35.5396],[-113.41476,35.54042],[-113.40743,35.54191],[-113.40463,35.54279],[-113.40276,35.54376],[-113.39424,35.54942],[-113.39144,35.55092],[-113.3882,35.55186],[-113.38053,35.55343],[-113.37672,35.554],[-113.37371,35.55404],[-113.37222,35.55391],[-113.36414,35.55262],[-113.36154,35.55235],[-113.35663,35.55213],[-113.34958,35.55237],[-113.32604,35.55399],[-113.32225,35.55394],[-113.31717,35.55323],[-113.27552,35.54223],[-113.23913,35.53227],[-113.23215,35.5302],[-113.21712,35.52623],[-113.21445,35.52523],[-113.1946,35.51436],[-113.18926,35.51117],[-112.98662,35.38188],[-112.98344,35.37936],[-112.9814,35.37729],[-112.98053,35.3763],[-112.97862,35.37357],[-112.9684,35.35309],[-112.967,35.35057],[-112.96614,35.34938],[-112.96419,35.34736],[-112.96211,35.34578],[-112.95225,35.34035],[-112.95014,35.33943],[-112.94825,35.33901],[-112.88481,35.3287],[-112.87919,35.32744],[-112.8794,35.32665],[-112.87783,35.32623],[-112.87753,35.32619],[-112.8794,35.32665],[-112.87919,35.32744],[-112.86906,35.32538],[-112.85116,35.32297],[-112.85008,35.32238],[-112.84934,35.32118],[-112.84936,35.32016],[-112.85002,35.31813],[-112.8514,35.31555],[-112.85615,35.30992],[-112.85196,35.30793],[-112.82791,35.29426],[-112.82296,35.29188],[-112.81841,35.29005],[-112.8134,35.28837],[-112.76151,35.27367],[-112.75781,35.27298],[-112.75324,35.27255],[-112.73893,35.27228],[-112.73555,35.27179],[-112.73356,35.27125],[-112.7313,35.27038],[-112.72913,35.26923],[-112.72715,35.26784],[-112.72367,35.26473],[-112.72028,35.26208],[-112.71763,35.26045],[-112.71398,35.25861],[-112.66767,35.24155],[-112.6612,35.23955],[-112.65638,35.23832],[-112.65128,35.23727],[-112.64492,35.2363],[-112.58679,35.22952],[-112.54231,35.2209],[-112.51045,35.22079],[-112.50214,35.22057],[-112.49801,35.22029],[-112.49042,35.21909],[-112.48645,35.21888],[-112.48376,35.21898],[-112.48013,35.21945],[-112.47378,35.22108],[-112.47201,35.22139],[-112.46884,35.22147],[-112.46083,35.22017],[-112.4576,35.21988],[-112.45128,35.2196],[-112.44668,35.21899],[-112.44231,35.21797],[-112.4326,35.21504],[-112.42949,35.21447],[-112.41073,35.21315],[-112.40882,35.21323],[-112.40682,35.21355],[-112.40532,35.21396],[-112.39974,35.2161],[-112.39819,35.21646],[-112.39582,35.21667],[-112.39406,35.21659],[-112.38996,35.21586],[-112.38793,35.21571],[-112.38144,35.21588],[-112.37293,35.2168],[-112.37056,35.21682],[-112.36894,35.21664],[-112.36126,35.21493],[-112.35961,35.21473],[-112.35732,35.21472],[-112.35348,35.21531],[-112.34768,35.21736],[-112.33964,35.21882],[-112.3374,35.21959],[-112.33478,35.22091],[-112.33216,35.22188],[-112.32778,35.22269],[-112.32578,35.22292],[-112.3234,35.22288],[-112.32175,35.22266],[-112.3077,35.21968],[-112.30533,35.21953],[-112.30406,35.21959],[-112.29909,35.2203],[-112.29677,35.22035],[-112.29378,35.21999],[-112.29004,35.21921],[-112.28809,35.21895],[-112.2852,35.21881],[-112.28037,35.21917],[-112.27762,35.21972],[-112.27219,35.22114],[-112.2693,35.22156],[-112.24444,35.22253],[-112.2423,35.22276],[-112.24114,35.22306],[-112.23938,35.22381],[-112.23755,35.22507],[-112.23639,35.22636],[-112.23456,35.22909],[-112.23303,35.23096],[-112.23059,35.23315],[-112.2275,35.23501],[-112.22206,35.23736],[-112.21984,35.23879],[-112.21678,35.24162],[-112.21373,35.24506],[-112.21262,35.24495],[-112.21205,35.24505],[-112.20807,35.24695],[-112.20534,35.24779],[-112.20402,35.24796],[-112.1992,35.24797],[-112.19356,35.24876],[-112.17863,35.25376],[-112.1771,35.25467],[-112.17542,35.25597],[-112.17343,35.25669],[-112.17118,35.25691],[-112.15535,35.25763],[-112.15346,35.25802],[-112.15238,35.2587],[-112.15183,35.2594],[-112.15036,35.26221],[-112.15018,35.26304],[-112.15024,35.26512],[-112.15006,35.26638],[-112.14564,35.2837],[-112.14201,35.29168],[-112.14144,35.29405],[-112.14141,35.29648],[-112.1417,35.29831],[-112.14224,35.30013],[-112.14886,35.31605],[-112.15231,35.32117],[-112.15917,35.33468],[-112.16555,35.34324],[-112.16647,35.34535],[-112.1667,35.34708],[-112.16727,35.35807],[-112.16719,35.3603],[-112.16659,35.36278],[-112.16185,35.37639],[-112.16158,35.37758],[-112.16156,35.37879],[-112.16196,35.38075],[-112.1686,35.39647],[-112.16918,35.39857],[-112.16962,35.40436],[-112.17168,35.44371],[-112.17155,35.44632],[-112.17039,35.45513],[-112.17036,35.45669],[-112.17312,35.4663],[-112.17451,35.46971],[-112.17716,35.47499],[-112.17753,35.47724],[-112.1772,35.47919],[-112.17514,35.48645],[-112.17467,35.48872],[-112.17347,35.50695],[-112.17298,35.50956],[-112.16291,35.54105],[-112.14801,35.59722],[-112.1463,35.60418],[-112.14466,35.61395],[-112.13141,35.71148],[-112.13121,35.71565],[-112.13087,35.76183],[-112.12923,35.77785],[-112.132,35.81819],[-112.13195,35.83871],[-112.1336,35.85205],[-112.13372,35.85517],[-112.13212,35.88098],[-112.13157,35.88584],[-112.13026,35.894],[-112.12981,35.89835],[-112.12953,35.90461],[-112.1296,35.90888],[-112.13193,35.95815],[-112.13163,35.96117],[-112.1307,35.96438],[-112.12933,35.96696],[-112.12913,35.96766],[-112.12875,35.9679],[-112.12843,35.96907],[-112.1254,35.97534],[-112.12516,35.97635],[-112.12479,35.97667],[-112.1237,35.98087],[-112.12331,35.98352],[-112.12322,35.98606],[-112.12336,35.99063],[-112.12292,35.99409],[-112.12246,35.99558],[-112.12211,35.99593],[-112.12122,35.9963],[-112.12092,35.99683],[-112.12104,35.99886],[-112.12093,36.00025],[-112.12141,36.00124],[-112.12131,36.00383],[-112.12033,36.0107],[-112.1203,36.01321],[-112.12071,36.01609],[-112.12224,36.02005],[-112.12259,36.0215],[-112.12306,36.02893],[-112.12304,36.03221],[-112.12287,36.03361],[-112.12164,36.03952],[-112.12409,36.03967],[-112.12548,36.04053],[-112.12649,36.04085],[-112.12724,36.0416],[-112.12745,36.0426],[-112.12496,36.04298],[-112.12363,36.04363],[-112.12299,36.04427],[-112.12239,36.04556],[-112.12237,36.04615],[-112.12249,36.04829],[-112.12333,36.05002],[-112.12314,36.0508],[-112.12231,36.05143],[-112.12125,36.05156],[-112.12115,36.05082],[-112.12044,36.05017]]}},
{"type":"Feature","properties":{"id":"d04","tipo":"principal","dia":4,"km":78.6,"horas":1.6,"pontos":["mather","grandview","desert_view","mather"],"trechos":[{"de":"mather","para":"grandview","km":18.3,"min":24},{"de":"grandview","para":"desert_view","km":22.1,"min":26},{"de":"desert_view","para":"mather","km":38.2,"min":44}]},"geometry":{"type":"LineString","coordinates":[[-112.12044,36.05017],[-112.12115,36.05082],[-112.12125,36.05156],[-112.12231,36.05143],[-112.1225,36.05179],[-112.1225,36.05249],[-112.12317,36.05356],[-112.12219,36.0541],[-112.12111,36.05512],[-112.12015,36.05464],[-112.11895,36.05489],[-112.11829,36.05514],[-112.11707,36.05608],[-112.11408,36.05711],[-112.11334,36.0577],[-112.11244,36.05906],[-112.11166,36.05931],[-112.11121,36.05923],[-112.1112,36.05856],[-112.11098,36.05825],[-112.10881,36.05665],[-112.10843,36.05655],[-112.10769,36.05664],[-112.10675,36.05725],[-112.10603,36.05742],[-112.10545,36.05731],[-112.10491,36.0569],[-112.10457,36.05579],[-112.10452,36.05494],[-112.10481,36.05369],[-112.10556,36.05232],[-112.10526,36.05217],[-112.10241,36.05083],[-112.09879,36.04998],[-112.09453,36.04804],[-112.09108,36.04725],[-112.08739,36.04705],[-112.08519,36.04627],[-112.07297,36.03701],[-112.06877,36.03454],[-112.0674,36.0331],[-112.06543,36.02769],[-112.06501,36.0259],[-112.06633,36.01618],[-112.06625,36.01511],[-112.0657,36.0132],[-112.06499,36.01224],[-112.06359,36.01149],[-112.06001,36.01109],[-112.05563,36.00959],[-112.0529,36.00899],[-112.0515,36.00849],[-112.033,35.99695],[-112.03083,35.9958],[-112.02854,35.99513],[-112.02539,35.99387],[-112.02432,35.99365],[-112.02288,35.9936],[-112.02087,35.99402],[-112.01602,35.99625],[-112.01422,35.9969],[-112.01157,35.9973],[-112.00813,35.99706],[-112.00673,35.99665],[-112.00169,35.99413],[-111.99912,35.99353],[-111.99752,35.99288],[-111.99566,35.99176],[-111.99263,35.98936],[-111.99079,35.99153],[-111.98982,35.9938],[-111.98759,35.99758],[-111.98765,35.99796],[-111.98789,35.99802],[-111.98813,35.99787],[-111.98795,35.99745],[-111.98825,35.99698],[-111.98811,35.99682],[-111.98982,35.9938],[-111.99079,35.99153],[-111.99263,35.98936],[-111.99187,35.98852],[-111.99024,35.98524],[-111.98834,35.97864],[-111.98727,35.9774],[-111.9867,35.97706],[-111.98342,35.97595],[-111.98292,35.97559],[-111.98251,35.97511],[-111.98187,35.97347],[-111.98131,35.97263],[-111.97893,35.97041],[-111.97478,35.96858],[-111.97168,35.96819],[-111.97011,35.96843],[-111.96573,35.97018],[-111.96467,35.97113],[-111.96359,35.97311],[-111.96213,35.97462],[-111.9609,35.97533],[-111.95797,35.97651],[-111.95559,35.97884],[-111.95198,35.98107],[-111.95117,35.98128],[-111.94995,35.98128],[-111.94661,35.98015],[-111.94518,35.98026],[-111.94405,35.98075],[-111.94058,35.98339],[-111.93989,35.98458],[-111.93941,35.98626],[-111.93878,35.98725],[-111.92593,36.0013],[-111.92428,36.00221],[-111.91834,36.00356],[-111.91732,36.00393],[-111.91396,36.00634],[-111.91254,36.00891],[-111.90899,36.01104],[-111.9079,36.01134],[-111.90568,36.01151],[-111.90453,36.01136],[-111.89699,36.00754],[-111.89622,36.00724],[-111.89555,36.00718],[-111.89426,36.00758],[-111.89296,36.00907],[-111.89247,36.0094],[-111.89195,36.00947],[-111.89146,36.00934],[-111.89044,36.00839],[-111.88992,36.00813],[-111.88935,36.00801],[-111.8886,36.00808],[-111.88493,36.0095],[-111.88352,36.01062],[-111.8829,36.0109],[-111.88085,36.01111],[-111.87804,36.01208],[-111.87679,36.01192],[-111.87541,36.01044],[-111.87473,36.01028],[-111.87425,36.01065],[-111.87334,36.01259],[-111.87299,36.01299],[-111.86352,36.01664],[-111.863,36.0171],[-111.86195,36.01909],[-111.86109,36.01998],[-111.85843,36.02203],[-111.85617,36.02315],[-111.85343,36.02627],[-111.85248,36.02704],[-111.84964,36.02826],[-111.8478,36.02954],[-111.83996,36.03581],[-111.83859,36.03741],[-111.83784,36.03766],[-111.83725,36.03764],[-111.83664,36.03737],[-111.83571,36.03645],[-111.83516,36.03631],[-111.83468,36.03639],[-111.83422,36.03674],[-111.83342,36.03806],[-111.83236,36.03881],[-111.8306,36.03931],[-111.82958,36.03912],[-111.82907,36.03976],[-111.82821,36.03938],[-111.82772,36.03949],[-111.82613,36.04146],[-111.82559,36.04182],[-111.82572,36.04204],[-111.82601,36.04199],[-111.82625,36.04127],[-111.82772,36.03949],[-111.82821,36.03938],[-111.82907,36.03976],[-111.82951,36.0392],[-111.83067,36.03939],[-111.83236,36.03881],[-111.83342,36.03806],[-111.83422,36.03674],[-111.83468,36.03639],[-111.83516,36.03631],[-111.83571,36.03645],[-111.83664,36.03737],[-111.83725,36.03764],[-111.83784,36.03766],[-111.83859,36.03741],[-111.83996,36.03581],[-111.8478,36.02954],[-111.84964,36.02826],[-111.85248,36.02704],[-111.85343,36.02627],[-111.85617,36.02315],[-111.85843,36.02203],[-111.86109,36.01998],[-111.86195,36.01909],[-111.863,36.0171],[-111.86352,36.01664],[-111.87299,36.01299],[-111.87334,36.01259],[-111.87425,36.01065],[-111.87473,36.01028],[-111.87541,36.01044],[-111.87679,36.01192],[-111.87804,36.01208],[-111.88085,36.01111],[-111.8829,36.0109],[-111.88352,36.01062],[-111.88493,36.0095],[-111.8886,36.00808],[-111.88935,36.00801],[-111.88992,36.00813],[-111.89044,36.00839],[-111.89146,36.00934],[-111.89195,36.00947],[-111.89247,36.0094],[-111.89296,36.00907],[-111.89426,36.00758],[-111.89555,36.00718],[-111.89622,36.00724],[-111.89699,36.00754],[-111.90453,36.01136],[-111.90568,36.01151],[-111.9079,36.01134],[-111.90899,36.01104],[-111.91254,36.00891],[-111.91396,36.00634],[-111.91732,36.00393],[-111.91834,36.00356],[-111.92428,36.00221],[-111.92593,36.0013],[-111.93878,35.98725],[-111.93941,35.98626],[-111.93989,35.98458],[-111.94058,35.98339],[-111.94405,35.98075],[-111.94518,35.98026],[-111.94661,35.98015],[-111.94995,35.98128],[-111.95117,35.98128],[-111.95198,35.98107],[-111.95559,35.97884],[-111.95797,35.97651],[-111.9609,35.97533],[-111.96213,35.97462],[-111.96359,35.97311],[-111.96467,35.97113],[-111.96573,35.97018],[-111.97011,35.96843],[-111.97168,35.96819],[-111.97478,35.96858],[-111.97893,35.97041],[-111.98131,35.97263],[-111.98187,35.97347],[-111.98251,35.97511],[-111.98292,35.97559],[-111.98342,35.97595],[-111.98613,35.97682],[-111.98727,35.9774],[-111.98834,35.97864],[-111.99024,35.98524],[-111.99187,35.98852],[-111.99263,35.98936],[-111.99506,35.99132],[-111.99692,35.99258],[-111.9981,35.99316],[-112.00169,35.99413],[-112.0071,35.99681],[-112.00813,35.99706],[-112.01093,35.99731],[-112.01331,35.99711],[-112.01474,35.99675],[-112.02035,35.99423],[-112.02164,35.99379],[-112.02355,35.99358],[-112.02539,35.99387],[-112.02854,35.99513],[-112.03159,35.99612],[-112.0515,36.00849],[-112.0529,36.00899],[-112.05563,36.00959],[-112.06001,36.01109],[-112.0632,36.0114],[-112.06467,36.01199],[-112.0657,36.0132],[-112.06633,36.0157],[-112.06503,36.02499],[-112.06505,36.02625],[-112.0674,36.0331],[-112.06877,36.03454],[-112.07297,36.03701],[-112.08519,36.04627],[-112.08739,36.04705],[-112.09108,36.04725],[-112.09453,36.04804],[-112.09879,36.04998],[-112.10241,36.05083],[-112.10526,36.05217],[-112.10544,36.05226],[-112.10474,36.0536],[-112.10452,36.05494],[-112.10457,36.05579],[-112.10491,36.0569],[-112.10545,36.05731],[-112.10603,36.05742],[-112.10675,36.05725],[-112.10769,36.05664],[-112.10843,36.05655],[-112.10881,36.05665],[-112.11098,36.05825],[-112.1112,36.05856],[-112.11121,36.05923],[-112.11166,36.05931],[-112.11244,36.05906],[-112.11334,36.0577],[-112.11408,36.05711],[-112.11707,36.05608],[-112.11829,36.05514],[-112.11895,36.05489],[-112.12015,36.05464],[-112.12119,36.05516],[-112.12224,36.05415],[-112.1232,36.05363],[-112.1225,36.05249],[-112.1225,36.05179],[-112.12231,36.05143],[-112.12125,36.05156],[-112.12115,36.05082],[-112.12044,36.05017]]}},
{"type":"Feature","properties":{"id":"d05","tipo":"principal","dia":5,"km":233.8,"horas":3.4,"pontos":["mather","desert_view","cameron","horseshoe_bend","antelope_canyon","page_cg"],"trechos":[{"de":"mather","para":"desert_view","km":38.2,"min":44},{"de":"desert_view","para":"cameron","km":53.1,"min":45},{"de":"cameron","para":"horseshoe_bend","km":124.8,"min":93},{"de":"horseshoe_bend","para":"antelope_canyon","km":11.5,"min":13},{"de":"antelope_canyon","para":"page_cg","km":6.2,"min":9}]},"geometry":{"type":"LineString","coordinates":[[-112.12044,36.05017],[-112.12115,36.05082],[-112.12125,36.05156],[-112.12231,36.05143],[-112.1225,36.05179],[-112.1225,36.05249],[-112.12317,36.05356],[-112.12219,36.0541],[-112.12111,36.05512],[-112.12015,36.05464],[-112.11895,36.05489],[-112.11829,36.05514],[-112.11707,36.05608],[-112.11408,36.05711],[-112.11334,36.0577],[-112.11244,36.05906],[-112.11166,36.05931],[-112.11121,36.05923],[-112.1112,36.05856],[-112.11098,36.05825],[-112.10881,36.05665],[-112.10843,36.05655],[-112.10769,36.05664],[-112.10675,36.05725],[-112.10603,36.05742],[-112.10545,36.05731],[-112.10491,36.0569],[-112.10457,36.05579],[-112.10452,36.05494],[-112.10481,36.05369],[-112.10556,36.05232],[-112.10526,36.05217],[-112.10241,36.05083],[-112.09879,36.04998],[-112.09453,36.04804],[-112.09108,36.04725],[-112.08739,36.04705],[-112.08519,36.04627],[-112.07297,36.03701],[-112.06877,36.03454],[-112.0674,36.0331],[-112.06505,36.02625],[-112.06503,36.02499],[-112.06633,36.0157],[-112.0657,36.0132],[-112.06467,36.01199],[-112.0632,36.0114],[-112.06001,36.01109],[-112.05563,36.00959],[-112.0529,36.00899],[-112.0515,36.00849],[-112.03159,35.99612],[-112.02854,35.99513],[-112.02539,35.99387],[-112.02355,35.99358],[-112.02164,35.99379],[-112.02035,35.99423],[-112.01474,35.99675],[-112.01331,35.99711],[-112.01093,35.99731],[-112.00813,35.99706],[-112.0071,35.99681],[-112.00169,35.99413],[-111.9981,35.99316],[-111.99692,35.99258],[-111.99506,35.99132],[-111.99263,35.98936],[-111.99187,35.98852],[-111.99024,35.98524],[-111.98834,35.97864],[-111.98727,35.9774],[-111.98613,35.97682],[-111.98342,35.97595],[-111.98292,35.97559],[-111.98251,35.97511],[-111.98187,35.97347],[-111.98131,35.97263],[-111.97893,35.97041],[-111.97478,35.96858],[-111.97168,35.96819],[-111.97011,35.96843],[-111.96573,35.97018],[-111.96467,35.97113],[-111.96359,35.97311],[-111.96213,35.97462],[-111.9609,35.97533],[-111.95797,35.97651],[-111.95559,35.97884],[-111.95198,35.98107],[-111.95117,35.98128],[-111.94995,35.98128],[-111.94661,35.98015],[-111.94518,35.98026],[-111.94405,35.98075],[-111.94058,35.98339],[-111.93989,35.98458],[-111.93941,35.98626],[-111.93878,35.98725],[-111.92593,36.0013],[-111.92428,36.00221],[-111.91834,36.00356],[-111.91732,36.00393],[-111.91396,36.00634],[-111.91254,36.00891],[-111.90899,36.01104],[-111.9079,36.01134],[-111.90568,36.01151],[-111.90453,36.01136],[-111.89699,36.00754],[-111.89622,36.00724],[-111.89555,36.00718],[-111.89426,36.00758],[-111.89296,36.00907],[-111.89247,36.0094],[-111.89195,36.00947],[-111.89146,36.00934],[-111.89044,36.00839],[-111.88992,36.00813],[-111.88935,36.00801],[-111.8886,36.00808],[-111.88493,36.0095],[-111.88352,36.01062],[-111.8829,36.0109],[-111.88085,36.01111],[-111.87804,36.01208],[-111.87679,36.01192],[-111.87541,36.01044],[-111.87473,36.01028],[-111.87425,36.01065],[-111.87334,36.01259],[-111.87299,36.01299],[-111.86352,36.01664],[-111.863,36.0171],[-111.86195,36.01909],[-111.86109,36.01998],[-111.85843,36.02203],[-111.85617,36.02315],[-111.85343,36.02627],[-111.85248,36.02704],[-111.84964,36.02826],[-111.8478,36.02954],[-111.83996,36.03581],[-111.83859,36.03741],[-111.83784,36.03766],[-111.83725,36.03764],[-111.83664,36.03737],[-111.83571,36.03645],[-111.83516,36.03631],[-111.83468,36.03639],[-111.83422,36.03674],[-111.83342,36.03806],[-111.83236,36.03881],[-111.8306,36.03931],[-111.82958,36.03912],[-111.82907,36.03976],[-111.82821,36.03938],[-111.82772,36.03949],[-111.82613,36.04146],[-111.82562,36.04176],[-111.82572,36.04204],[-111.82606,36.04194],[-111.82625,36.04127],[-111.8276,36.03957],[-111.82821,36.03938],[-111.82907,36.03976],[-111.82958,36.03912],[-111.82906,36.03856],[-111.82906,36.0379],[-111.82926,36.03746],[-111.83059,36.03599],[-111.8316,36.03393],[-111.83177,36.033],[-111.83159,36.03239],[-111.83116,36.03178],[-111.82935,36.03032],[-111.82857,36.02951],[-111.8262,36.02538],[-111.82509,36.02419],[-111.82402,36.02339],[-111.82255,36.02261],[-111.82126,36.02215],[-111.8173,36.02153],[-111.81599,36.02115],[-111.81297,36.01951],[-111.8113,36.01896],[-111.80927,36.01863],[-111.8087,36.01843],[-111.80789,36.01788],[-111.80734,36.01709],[-111.80717,36.0163],[-111.8076,36.01401],[-111.80843,36.01183],[-111.80826,36.01098],[-111.80799,36.01056],[-111.80762,36.0102],[-111.80582,36.0092],[-111.80478,36.00844],[-111.80392,36.00749],[-111.80226,36.00513],[-111.80115,36.00439],[-111.79867,36.00318],[-111.7977,36.00242],[-111.79698,36.00155],[-111.79634,36.00004],[-111.7963,35.99841],[-111.79677,35.99702],[-111.79897,35.993],[-111.79936,35.99176],[-111.79945,35.98996],[-111.79887,35.98776],[-111.79827,35.98669],[-111.79134,35.97781],[-111.78998,35.97552],[-111.78109,35.95113],[-111.77961,35.94784],[-111.76364,35.92665],[-111.76208,35.92505],[-111.76021,35.9239],[-111.75785,35.92311],[-111.7555,35.92284],[-111.73359,35.92337],[-111.73219,35.92357],[-111.73148,35.92379],[-111.73041,35.92443],[-111.72638,35.92782],[-111.72419,35.92896],[-111.72268,35.92942],[-111.71114,35.93161],[-111.70947,35.93225],[-111.7083,35.93324],[-111.70349,35.93862],[-111.70241,35.93927],[-111.701,35.93965],[-111.69906,35.93951],[-111.6978,35.93896],[-111.69577,35.93768],[-111.69449,35.93709],[-111.69271,35.93666],[-111.69143,35.93656],[-111.683,35.93681],[-111.6767,35.93812],[-111.66514,35.9393],[-111.66356,35.93928],[-111.66244,35.93899],[-111.65956,35.93769],[-111.65609,35.93728],[-111.65084,35.93585],[-111.64888,35.93546],[-111.64515,35.93517],[-111.64402,35.93494],[-111.6409,35.93351],[-111.63878,35.93286],[-111.62712,35.93174],[-111.62374,35.93116],[-111.62158,35.93048],[-111.61914,35.92942],[-111.61123,35.9248],[-111.60874,35.92385],[-111.60592,35.92353],[-111.58982,35.9239],[-111.58714,35.92374],[-111.5794,35.92228],[-111.57239,35.92018],[-111.56963,35.91916],[-111.56627,35.91728],[-111.55275,35.90861],[-111.55083,35.90716],[-111.51951,35.87797],[-111.51753,35.87642],[-111.51489,35.87531],[-111.50516,35.87353],[-111.50207,35.87276],[-111.49909,35.87183],[-111.49352,35.86958],[-111.49159,35.86865],[-111.48991,35.86757],[-111.48095,35.8602],[-111.47842,35.85895],[-111.47682,35.85855],[-111.47479,35.85836],[-111.45894,35.85884],[-111.4547,35.85916],[-111.45146,35.85913],[-111.4474,35.85845],[-111.43965,35.85596],[-111.437,35.85569],[-111.42934,35.85577],[-111.42603,35.85539],[-111.42556,35.85526],[-111.42519,35.85474],[-111.42494,35.85466],[-111.42472,35.85478],[-111.4243,35.85554],[-111.41799,35.86234],[-111.41518,35.86658],[-111.41327,35.87071],[-111.41209,35.87455],[-111.41261,35.8747],[-111.41346,35.8747],[-111.41345,35.87576],[-111.41346,35.8747],[-111.41261,35.8747],[-111.41209,35.87455],[-111.40721,35.89126],[-111.40611,35.89601],[-111.39829,35.95227],[-111.39308,35.9908],[-111.3929,35.99358],[-111.39289,35.99623],[-111.39323,35.99978],[-111.39799,36.0286],[-111.3982,36.03168],[-111.39818,36.03338],[-111.39766,36.03825],[-111.39185,36.07598],[-111.39156,36.07925],[-111.39173,36.08215],[-111.39218,36.08494],[-111.39527,36.09629],[-111.39607,36.10011],[-111.39621,36.10381],[-111.39483,36.11933],[-111.39482,36.1239],[-111.39964,36.17477],[-111.39939,36.17706],[-111.39911,36.17807],[-111.39465,36.18686],[-111.3936,36.18979],[-111.39316,36.19232],[-111.39308,36.1946],[-111.39378,36.20704],[-111.39422,36.20968],[-111.39566,36.21564],[-111.39714,36.21932],[-111.40052,36.22562],[-111.40146,36.22699],[-111.4162,36.24539],[-111.41769,36.24804],[-111.42037,36.25367],[-111.42178,36.25585],[-111.4428,36.28181],[-111.45386,36.29652],[-111.46046,36.3038],[-111.4647,36.30772],[-111.47001,36.31257],[-111.47422,36.31557],[-111.4766,36.31748],[-111.4818,36.32312],[-111.49274,36.33415],[-111.49867,36.34202],[-111.50207,36.34507],[-111.50378,36.34698],[-111.50455,36.34828],[-111.50514,36.34976],[-111.50667,36.35617],[-111.50809,36.35998],[-111.50906,36.36188],[-111.51355,36.36932],[-111.5257,36.39409],[-111.52677,36.39557],[-111.53258,36.40147],[-111.5363,36.40683],[-111.54414,36.42161],[-111.54821,36.42994],[-111.56605,36.46133],[-111.56837,36.46645],[-111.58364,36.50585],[-111.58449,36.50755],[-111.58622,36.50993],[-111.5915,36.51541],[-111.59695,36.51959],[-111.60388,36.52777],[-111.61405,36.53821],[-111.6197,36.54355],[-111.63466,36.56007],[-111.64076,36.56986],[-111.6424,36.57404],[-111.6432,36.57563],[-111.65621,36.59378],[-111.6569,36.59547],[-111.65708,36.59685],[-111.65701,36.59808],[-111.65575,36.60433],[-111.65305,36.63125],[-111.65248,36.63289],[-111.65159,36.63388],[-111.65076,36.63444],[-111.64988,36.63482],[-111.64867,36.63511],[-111.64727,36.63515],[-111.6367,36.63444],[-111.6347,36.6346],[-111.63348,36.63498],[-111.63233,36.63559],[-111.63037,36.63762],[-111.62987,36.6384],[-111.62972,36.63938],[-111.63,36.64037],[-111.63054,36.64103],[-111.63234,36.64244],[-111.6328,36.64313],[-111.63301,36.64408],[-111.63287,36.64571],[-111.63339,36.64733],[-111.63333,36.64813],[-111.63228,36.65031],[-111.63214,36.65106],[-111.63276,36.65518],[-111.63202,36.65782],[-111.63286,36.66011],[-111.63296,36.66304],[-111.63319,36.66458],[-111.63303,36.66538],[-111.63234,36.66654],[-111.63103,36.66759],[-111.62764,36.66907],[-111.62685,36.66921],[-111.62572,36.66915],[-111.6237,36.66839],[-111.62214,36.6683],[-111.62085,36.66869],[-111.61964,36.66972],[-111.60311,36.69385],[-111.57369,36.75255],[-111.57235,36.75447],[-111.55842,36.771],[-111.55338,36.77755],[-111.54585,36.78486],[-111.54448,36.78558],[-111.54259,36.78613],[-111.54099,36.78611],[-111.54012,36.7858],[-111.53803,36.7845],[-111.53643,36.78422],[-111.53563,36.78434],[-111.53363,36.78498],[-111.53056,36.78523],[-111.52938,36.78579],[-111.5286,36.78667],[-111.51017,36.82897],[-111.50899,36.83198],[-111.50854,36.83458],[-111.50798,36.85007],[-111.50123,36.87563],[-111.50051,36.87712],[-111.48987,36.89523],[-111.47464,36.89129],[-111.47231,36.89107],[-111.4702,36.89148],[-111.45994,36.89543],[-111.45754,36.89598],[-111.45486,36.89601],[-111.44942,36.89504],[-111.44766,36.89488],[-111.44088,36.89541],[-111.42202,36.89998],[-111.42049,36.89996],[-111.40626,36.89749],[-111.40592,36.89886],[-111.40609,36.90026],[-111.40825,36.90381],[-111.40874,36.90496],[-111.40893,36.90484],[-111.40869,36.90311],[-111.41005,36.90267],[-111.40951,36.90212],[-111.41003,36.90235],[-111.41046,36.90233],[-111.41003,36.90235],[-111.40951,36.90212],[-111.41005,36.90267],[-111.40869,36.90311],[-111.40893,36.90484],[-111.40874,36.90496],[-111.40825,36.90381],[-111.40599,36.89996],[-111.40592,36.89886],[-111.40626,36.89749],[-111.42049,36.89996],[-111.42202,36.89998],[-111.42295,36.89984],[-111.4399,36.89557],[-111.44504,36.89502],[-111.44588,36.89652],[-111.44696,36.89746],[-111.44814,36.89791],[-111.45069,36.89831],[-111.45146,36.89863],[-111.45223,36.89919],[-111.45363,36.90115],[-111.45326,36.90136],[-111.4524,36.90137]]}},
{"type":"Feature","properties":{"id":"d06","tipo":"principal","dia":6,"km":188.7,"horas":2.8,"pontos":["page_cg","kanab","mt_carmel","canyon_overlook","watchman"],"trechos":[{"de":"page_cg","para":"kanab","km":121.4,"min":94},{"de":"kanab","para":"mt_carmel","km":27.6,"min":23},{"de":"mt_carmel","para":"canyon_overlook","km":29.6,"min":33},{"de":"canyon_overlook","para":"watchman","km":10.1,"min":17}],"obs":"Pelo túnel Zion–Mount Carmel (entrada leste). Sem escolta desde 07/06/2026: só passam veículos até 2,39 m de largura (com espelhos), 3,45 m de altura e 10,9 m de comprimento. A SR-9 está fechada desde 30/09/2026 por queda de rochas; enquanto não reabrir, usar o desvio pela entrada sul (d06b)."},"geometry":{"type":"LineString","coordinates":[[-111.4524,36.90137],[-111.45326,36.90136],[-111.45363,36.90115],[-111.45394,36.90178],[-111.45439,36.9033],[-111.45542,36.90898],[-111.45615,36.91095],[-111.45479,36.91139],[-111.45317,36.91235],[-111.45256,36.91302],[-111.45248,36.9133],[-111.45266,36.9138],[-111.45311,36.91409],[-111.45474,36.91432],[-111.45552,36.91466],[-111.45787,36.91716],[-111.46031,36.91926],[-111.46109,36.91966],[-111.46314,36.92014],[-111.46371,36.92041],[-111.46414,36.92115],[-111.46415,36.92458],[-111.46476,36.92529],[-111.46542,36.92551],[-111.46888,36.92575],[-111.4719,36.9257],[-111.47224,36.92681],[-111.47269,36.93049],[-111.47353,36.93223],[-111.47498,36.9337],[-111.47875,36.93607],[-111.47971,36.93638],[-111.48079,36.93632],[-111.48645,36.93457],[-111.48797,36.93443],[-111.48885,36.93461],[-111.48967,36.93499],[-111.49273,36.93701],[-111.49379,36.93787],[-111.49464,36.93904],[-111.49505,36.94015],[-111.49677,36.9483],[-111.49848,36.95155],[-111.50013,36.95357],[-111.5079,36.96145],[-111.51841,36.97548],[-111.51987,36.97701],[-111.5215,36.97821],[-111.52298,36.97896],[-111.52611,36.98004],[-111.54564,36.98235],[-111.54841,36.98287],[-111.55044,36.98347],[-111.55235,36.98424],[-111.55415,36.98518],[-111.55576,36.98622],[-111.5573,36.98747],[-111.60182,37.02796],[-111.60439,37.03002],[-111.60676,37.0316],[-111.61373,37.03516],[-111.61519,37.03614],[-111.61644,37.03737],[-111.62322,37.04677],[-111.62568,37.04934],[-111.62845,37.05128],[-111.63669,37.05564],[-111.63975,37.0579],[-111.64105,37.05922],[-111.65034,37.07064],[-111.65269,37.07283],[-111.65545,37.07459],[-111.65751,37.07555],[-111.67748,37.0836],[-111.68014,37.0846],[-111.68272,37.08527],[-111.83413,37.10472],[-111.8371,37.10506],[-111.84139,37.10524],[-111.85899,37.10413],[-111.86122,37.10343],[-111.86669,37.09981],[-111.86783,37.09952],[-111.86932,37.09957],[-111.89251,37.10556],[-111.92245,37.10993],[-111.92708,37.11095],[-111.93051,37.1122],[-111.93315,37.11353],[-111.93478,37.11455],[-111.95083,37.12616],[-111.95318,37.12727],[-111.95472,37.12768],[-111.9569,37.12789],[-111.96383,37.1277],[-111.96486,37.12755],[-111.96674,37.12695],[-111.97117,37.12423],[-111.97188,37.12393],[-111.9734,37.12372],[-111.97455,37.12394],[-111.97596,37.12481],[-111.97667,37.12593],[-111.97693,37.12952],[-111.97681,37.13148],[-111.96991,37.15493],[-111.96956,37.15697],[-111.96946,37.15905],[-111.96976,37.16174],[-111.9703,37.1639],[-111.97511,37.17707],[-111.97647,37.17989],[-111.97843,37.18217],[-111.98077,37.18389],[-111.98383,37.18532],[-111.98646,37.186],[-111.9895,37.1863],[-111.99182,37.1862],[-111.99404,37.18583],[-111.99701,37.18485],[-112.04577,37.16013],[-112.05128,37.15697],[-112.08478,37.13498],[-112.10054,37.12267],[-112.21211,37.04498],[-112.21477,37.0434],[-112.21688,37.04249],[-112.22024,37.04153],[-112.22456,37.04105],[-112.36136,37.03746],[-112.36803,37.03717],[-112.37535,37.03632],[-112.38127,37.03522],[-112.42892,37.02415],[-112.43288,37.02352],[-112.43661,37.02313],[-112.44268,37.0229],[-112.44754,37.02308],[-112.45357,37.02375],[-112.48459,37.02893],[-112.48835,37.02977],[-112.4907,37.03055],[-112.49276,37.03143],[-112.51329,37.04231],[-112.51496,37.04278],[-112.51664,37.04299],[-112.52638,37.04299],[-112.52644,37.04756],[-112.52685,37.04802],[-112.52745,37.04815],[-112.53332,37.04816],[-112.53438,37.04854],[-112.53478,37.04895],[-112.535,37.04949],[-112.53512,37.05433],[-112.53716,37.05984],[-112.53691,37.06278],[-112.5371,37.06568],[-112.53678,37.07166],[-112.5362,37.07342],[-112.53615,37.0741],[-112.53841,37.07772],[-112.53866,37.07863],[-112.53915,37.08276],[-112.54218,37.09092],[-112.54297,37.09469],[-112.54384,37.09612],[-112.54652,37.09839],[-112.54723,37.09953],[-112.54866,37.10337],[-112.54917,37.10781],[-112.54947,37.10893],[-112.55004,37.11006],[-112.55068,37.11085],[-112.55139,37.11154],[-112.5531,37.1126],[-112.55445,37.11307],[-112.55769,37.11383],[-112.55983,37.11476],[-112.56191,37.11638],[-112.56345,37.11844],[-112.56401,37.11987],[-112.56505,37.12472],[-112.56514,37.12681],[-112.56487,37.12963],[-112.56634,37.13383],[-112.56636,37.13479],[-112.5659,37.13678],[-112.56599,37.13784],[-112.56736,37.14058],[-112.56832,37.14525],[-112.56917,37.14754],[-112.5711,37.15066],[-112.57336,37.1532],[-112.57531,37.15479],[-112.57694,37.15588],[-112.58033,37.15759],[-112.65864,37.18915],[-112.65984,37.18986],[-112.66049,37.19059],[-112.66087,37.19142],[-112.66089,37.19371],[-112.66153,37.19494],[-112.66265,37.19569],[-112.66496,37.1962],[-112.66605,37.19674],[-112.67229,37.20304],[-112.67377,37.20395],[-112.67511,37.20418],[-112.67601,37.20415],[-112.68263,37.20342],[-112.6833,37.20346],[-112.68448,37.20395],[-112.685,37.20446],[-112.68537,37.20536],[-112.68516,37.20639],[-112.68446,37.20797],[-112.68415,37.21041],[-112.68439,37.21442],[-112.68403,37.21603],[-112.68188,37.22174],[-112.68113,37.22326],[-112.68136,37.22343],[-112.68117,37.22359],[-112.68136,37.22343],[-112.6834,37.22504],[-112.68445,37.22673],[-112.68537,37.22754],[-112.68668,37.22774],[-112.68734,37.2276],[-112.68784,37.22732],[-112.68846,37.22679],[-112.69352,37.22093],[-112.69507,37.21996],[-112.69683,37.21955],[-112.69816,37.21956],[-112.71049,37.22079],[-112.71277,37.22151],[-112.72471,37.2263],[-112.72692,37.2275],[-112.73124,37.23071],[-112.74537,37.23734],[-112.74711,37.23827],[-112.74923,37.23972],[-112.75937,37.24938],[-112.76267,37.25319],[-112.7668,37.25861],[-112.76855,37.26011],[-112.77078,37.26173],[-112.77237,37.26252],[-112.77407,37.26291],[-112.77582,37.26298],[-112.77732,37.26275],[-112.77951,37.26215],[-112.78085,37.26199],[-112.78371,37.26196],[-112.78697,37.26216],[-112.78965,37.26194],[-112.79041,37.26169],[-112.79101,37.26127],[-112.79134,37.26081],[-112.79224,37.25722],[-112.79265,37.25622],[-112.79441,37.25389],[-112.79659,37.25283],[-112.80327,37.24739],[-112.80965,37.24389],[-112.81224,37.24266],[-112.83008,37.23956],[-112.83175,37.2393],[-112.8322,37.23939],[-112.83275,37.23912],[-112.83584,37.23856],[-112.84419,37.23799],[-112.85017,37.23784],[-112.87125,37.2342],[-112.87376,37.23409],[-112.87495,37.23364],[-112.87802,37.23145],[-112.87852,37.23053],[-112.87894,37.22821],[-112.87949,37.22763],[-112.88426,37.22676],[-112.88657,37.22599],[-112.88849,37.22574],[-112.8899,37.22598],[-112.89049,37.2257],[-112.89159,37.22466],[-112.89232,37.22444],[-112.89381,37.22447],[-112.89566,37.22508],[-112.89673,37.22477],[-112.89781,37.22477],[-112.8984,37.22392],[-112.89847,37.22256],[-112.89881,37.22216],[-112.89919,37.22233],[-112.89983,37.2237],[-112.90106,37.22405],[-112.90179,37.22481],[-112.90221,37.22481],[-112.90352,37.22438],[-112.90424,37.22336],[-112.90669,37.22291],[-112.90809,37.22332],[-112.90944,37.2253],[-112.90979,37.22549],[-112.91015,37.22547],[-112.91048,37.22523],[-112.9108,37.22439],[-112.91161,37.22364],[-112.91203,37.22354],[-112.91423,37.22362],[-112.91458,37.22329],[-112.91453,37.22247],[-112.91476,37.22206],[-112.91634,37.22174],[-112.91683,37.22149],[-112.91715,37.22081],[-112.91714,37.21954],[-112.91871,37.21821],[-112.91863,37.21784],[-112.91775,37.2174],[-112.91765,37.21685],[-112.91908,37.21578],[-112.91983,37.21604],[-112.9204,37.21707],[-112.92128,37.21814],[-112.92196,37.21829],[-112.92414,37.21737],[-112.92515,37.21656],[-112.92585,37.21628],[-112.92627,37.2163],[-112.92763,37.21706],[-112.92842,37.21706],[-112.92943,37.21594],[-112.93087,37.2157],[-112.9313,37.21549],[-112.93146,37.21521],[-112.93137,37.21406],[-112.93165,37.2137],[-112.93209,37.21349],[-112.93307,37.21359],[-112.93421,37.21407],[-112.9353,37.2153],[-112.93708,37.21549],[-112.9381,37.21479],[-112.93911,37.21482],[-112.9396,37.21466],[-112.9407,37.21328],[-112.94258,37.21152],[-112.94311,37.2112],[-112.94547,37.21082],[-112.94985,37.21112],[-112.9561,37.20988],[-112.95661,37.20994],[-112.9572,37.21023],[-112.95847,37.21153],[-112.96004,37.21185],[-112.9617,37.21243],[-112.96313,37.21254],[-112.96372,37.21238],[-112.96395,37.21254],[-112.96389,37.21278],[-112.96366,37.21287],[-112.96238,37.21263],[-112.96139,37.21277],[-112.96005,37.21237],[-112.95709,37.21211],[-112.9562,37.21189],[-112.95601,37.21208],[-112.95616,37.21232],[-112.95801,37.21264],[-112.95999,37.21398],[-112.96141,37.21459],[-112.96206,37.21458],[-112.96289,37.21398],[-112.96337,37.21407],[-112.96357,37.21438],[-112.9632,37.21476],[-112.96153,37.21502],[-112.95816,37.21412],[-112.95774,37.21424],[-112.95788,37.21452],[-112.95901,37.2146],[-112.96051,37.21541],[-112.9619,37.21572],[-112.96368,37.21547],[-112.96429,37.21514],[-112.96509,37.21514],[-112.96565,37.21498],[-112.96681,37.21529],[-112.96762,37.21529],[-112.96831,37.21564],[-112.96999,37.21549],[-112.97164,37.21617],[-112.97171,37.21658],[-112.9713,37.21659],[-112.97001,37.21591],[-112.96897,37.21596],[-112.96609,37.21573],[-112.96564,37.21589],[-112.96559,37.21651],[-112.96591,37.21685],[-112.96712,37.2169],[-112.96894,37.21723],[-112.97002,37.21747],[-112.97092,37.21785],[-112.9733,37.21745],[-112.97557,37.2176],[-112.97595,37.21732],[-112.97706,37.2152],[-112.97817,37.21204],[-112.97902,37.21036],[-112.97926,37.20864],[-112.97946,37.20827],[-112.98038,37.20756],[-112.98185,37.20719],[-112.98275,37.20678],[-112.98491,37.20437],[-112.98667,37.2036],[-112.98791,37.20267],[-112.98686,37.20189],[-112.98573,37.19993],[-112.98581,37.19901],[-112.9861,37.19913],[-112.98673,37.19854]]}},
{"type":"Feature","properties":{"id":"d06b","tipo":"planoB","dia":6,"km":259.2,"horas":3.5,"pontos":["page_cg","kanab","fredonia","hurricane","watchman"],"trechos":[{"de":"page_cg","para":"kanab","km":121.4,"min":94},{"de":"kanab","para":"fredonia","km":11.4,"min":12},{"de":"fredonia","para":"hurricane","km":88.3,"min":68},{"de":"hurricane","para":"watchman","km":38,"min":39}],"obs":"Desvio pela entrada sul de Zion (Kanab, Fredonia, AZ-389, UT-59, Hurricane e UT-9 até Springdale), sem passar pelo túnel. Serve enquanto a SR-9 estiver fechada ou se o veículo não couber no túnel."},"geometry":{"type":"LineString","coordinates":[[-111.4524,36.90137],[-111.45326,36.90136],[-111.45363,36.90115],[-111.45394,36.90178],[-111.45439,36.9033],[-111.45542,36.90898],[-111.45615,36.91095],[-111.45479,36.91139],[-111.45317,36.91235],[-111.45256,36.91302],[-111.45248,36.9133],[-111.45266,36.9138],[-111.45311,36.91409],[-111.45474,36.91432],[-111.45552,36.91466],[-111.45787,36.91716],[-111.46031,36.91926],[-111.46109,36.91966],[-111.46314,36.92014],[-111.46371,36.92041],[-111.46414,36.92115],[-111.46415,36.92458],[-111.46476,36.92529],[-111.46542,36.92551],[-111.46888,36.92575],[-111.4719,36.9257],[-111.47224,36.92681],[-111.47269,36.93049],[-111.47353,36.93223],[-111.47498,36.9337],[-111.47875,36.93607],[-111.47971,36.93638],[-111.48079,36.93632],[-111.48645,36.93457],[-111.48797,36.93443],[-111.48885,36.93461],[-111.48967,36.93499],[-111.49273,36.93701],[-111.49379,36.93787],[-111.49464,36.93904],[-111.49505,36.94015],[-111.49677,36.9483],[-111.49848,36.95155],[-111.50013,36.95357],[-111.5079,36.96145],[-111.51841,36.97548],[-111.51987,36.97701],[-111.5215,36.97821],[-111.52298,36.97896],[-111.52611,36.98004],[-111.54564,36.98235],[-111.54841,36.98287],[-111.55044,36.98347],[-111.55235,36.98424],[-111.55415,36.98518],[-111.55576,36.98622],[-111.5573,36.98747],[-111.60182,37.02796],[-111.60439,37.03002],[-111.60676,37.0316],[-111.61373,37.03516],[-111.61519,37.03614],[-111.61644,37.03737],[-111.62322,37.04677],[-111.62568,37.04934],[-111.62845,37.05128],[-111.63669,37.05564],[-111.63975,37.0579],[-111.64105,37.05922],[-111.65034,37.07064],[-111.65269,37.07283],[-111.65545,37.07459],[-111.65751,37.07555],[-111.67748,37.0836],[-111.68014,37.0846],[-111.68272,37.08527],[-111.83413,37.10472],[-111.8371,37.10506],[-111.84139,37.10524],[-111.85899,37.10413],[-111.86122,37.10343],[-111.86669,37.09981],[-111.86783,37.09952],[-111.86932,37.09957],[-111.89251,37.10556],[-111.92245,37.10993],[-111.92708,37.11095],[-111.93051,37.1122],[-111.93315,37.11353],[-111.93478,37.11455],[-111.95083,37.12616],[-111.95318,37.12727],[-111.95472,37.12768],[-111.9569,37.12789],[-111.96383,37.1277],[-111.96486,37.12755],[-111.96674,37.12695],[-111.97117,37.12423],[-111.97188,37.12393],[-111.9734,37.12372],[-111.97455,37.12394],[-111.97596,37.12481],[-111.97667,37.12593],[-111.97692,37.12888],[-111.97686,37.13105],[-111.97661,37.13252],[-111.96991,37.15493],[-111.96956,37.15697],[-111.96946,37.15905],[-111.96963,37.16093],[-111.97015,37.16342],[-111.97531,37.1776],[-111.97611,37.17932],[-111.97724,37.18092],[-111.97843,37.18217],[-111.97994,37.18336],[-111.98142,37.18426],[-111.98321,37.18509],[-111.98477,37.18561],[-111.98714,37.18611],[-111.99036,37.1863],[-111.99404,37.18583],[-111.9974,37.18467],[-112.04577,37.16013],[-112.05128,37.15697],[-112.08478,37.13498],[-112.10054,37.12267],[-112.2127,37.04458],[-112.21571,37.04296],[-112.21936,37.04172],[-112.22209,37.04124],[-112.22456,37.04105],[-112.36136,37.03746],[-112.36803,37.03717],[-112.37535,37.03632],[-112.38127,37.03522],[-112.42892,37.02415],[-112.43288,37.02352],[-112.43661,37.02313],[-112.44123,37.02291],[-112.44413,37.02292],[-112.44893,37.02319],[-112.45357,37.02375],[-112.48459,37.02893],[-112.48835,37.02977],[-112.4907,37.03055],[-112.49276,37.03143],[-112.51329,37.04231],[-112.51496,37.04278],[-112.51664,37.04299],[-112.52638,37.04299],[-112.52644,37.0475],[-112.52633,37.04105],[-112.5259,37.03945],[-112.5251,37.03753],[-112.52485,37.03635],[-112.52498,37.01428],[-112.52551,37.01259],[-112.52921,37.00466],[-112.53079,36.99226],[-112.52912,36.98007],[-112.52699,36.96779],[-112.52699,36.95651],[-112.52645,36.95409],[-112.52643,36.9455],[-112.52643,36.94566],[-112.5323,36.94565],[-112.53681,36.94541],[-112.53911,36.94496],[-112.54115,36.94437],[-112.54474,36.94273],[-112.5466,36.94153],[-112.59799,36.90197],[-112.59997,36.90062],[-112.6025,36.89913],[-112.60498,36.89791],[-112.64246,36.88075],[-112.64498,36.87989],[-112.70465,36.86476],[-112.72177,36.8595],[-112.72497,36.85868],[-112.72889,36.858],[-112.73189,36.8577],[-112.73552,36.85759],[-112.80454,36.85843],[-112.80845,36.85873],[-112.81225,36.85933],[-112.89539,36.88126],[-112.89909,36.88266],[-112.90272,36.88442],[-112.90486,36.88569],[-112.90655,36.88682],[-112.90967,36.88929],[-112.91104,36.89055],[-112.91346,36.89322],[-112.94015,36.92646],[-112.9617,36.95392],[-113.0005,37.00208],[-113.00192,37.00335],[-113.00482,37.00527],[-113.07941,37.04184],[-113.0845,37.04476],[-113.08698,37.04652],[-113.08993,37.04892],[-113.0926,37.05154],[-113.09567,37.05518],[-113.09713,37.05729],[-113.09841,37.05947],[-113.11481,37.09102],[-113.11556,37.09206],[-113.11705,37.09342],[-113.15582,37.11589],[-113.15771,37.11676],[-113.16016,37.11733],[-113.17512,37.11887],[-113.18158,37.12001],[-113.23812,37.13339],[-113.23932,37.1337],[-113.24135,37.13452],[-113.24362,37.13579],[-113.24698,37.13869],[-113.25033,37.14011],[-113.25138,37.14078],[-113.2522,37.14147],[-113.25301,37.14247],[-113.26368,37.1667],[-113.26471,37.16807],[-113.26692,37.17],[-113.26731,37.17071],[-113.26767,37.17218],[-113.26815,37.1733],[-113.27062,37.17651],[-113.27148,37.17722],[-113.27345,37.17822],[-113.27422,37.17897],[-113.27459,37.17982],[-113.27463,37.18042],[-113.27409,37.18182],[-113.27403,37.18243],[-113.2744,37.18323],[-113.27473,37.18351],[-113.27577,37.18383],[-113.2768,37.18372],[-113.28011,37.18198],[-113.28092,37.18043],[-113.282,37.17896],[-113.28249,37.1777],[-113.28374,37.17589],[-113.28437,37.17544],[-113.28527,37.17517],[-113.28999,37.17511],[-113.29,37.1753],[-113.28999,37.17511],[-113.28624,37.17511],[-113.28625,37.17655],[-113.28506,37.17684],[-113.28435,37.17766],[-113.28428,37.18033],[-113.28396,37.18142],[-113.27899,37.18794],[-113.27782,37.18973],[-113.27631,37.19338],[-113.2723,37.20183],[-113.27214,37.20292],[-113.2722,37.21087],[-113.26671,37.21094],[-113.26557,37.21129],[-113.26476,37.21183],[-113.26421,37.21249],[-113.26393,37.21346],[-113.26414,37.21608],[-113.26404,37.21666],[-113.26356,37.2172],[-113.25932,37.22055],[-113.25858,37.22128],[-113.25825,37.22226],[-113.25864,37.22418],[-113.25838,37.22542],[-113.25795,37.22606],[-113.25726,37.2266],[-113.25583,37.22705],[-113.25411,37.22689],[-113.25337,37.22656],[-113.25272,37.22602],[-113.25223,37.22526],[-113.25048,37.21945],[-113.24975,37.21816],[-113.24391,37.21192],[-113.24282,37.21114],[-113.24164,37.21061],[-113.23168,37.20768],[-113.21176,37.20544],[-113.19431,37.20363],[-113.18845,37.20357],[-113.18035,37.2041],[-113.17804,37.20379],[-113.17519,37.2026],[-113.16645,37.19828],[-113.16489,37.19774],[-113.16089,37.19672],[-113.15757,37.19624],[-113.15379,37.19521],[-113.14912,37.19519],[-113.14805,37.19497],[-113.14669,37.19442],[-113.14509,37.19334],[-113.14152,37.1893],[-113.13787,37.18631],[-113.13515,37.1837],[-113.13438,37.1832],[-113.12683,37.18025],[-113.12368,37.17975],[-113.12115,37.17904],[-113.1185,37.1788],[-113.11735,37.17849],[-113.11661,37.17811],[-113.11555,37.17718],[-113.11427,37.17447],[-113.1133,37.17349],[-113.11229,37.17293],[-113.10936,37.172],[-113.10476,37.16913],[-113.10338,37.16846],[-113.10154,37.16814],[-113.09973,37.16832],[-113.09295,37.17125],[-113.09191,37.1716],[-113.09066,37.17181],[-113.08867,37.17173],[-113.08175,37.17046],[-113.07954,37.17021],[-113.07692,37.17026],[-113.0714,37.17085],[-113.06986,37.1708],[-113.06828,37.17039],[-113.06706,37.16979],[-113.06054,37.16427],[-113.05801,37.16265],[-113.05487,37.1615],[-113.0518,37.16098],[-113.04971,37.16088],[-113.03552,37.16127],[-113.03402,37.16096],[-113.03172,37.161],[-113.03042,37.16035],[-113.02966,37.16021],[-113.02904,37.16035],[-113.02717,37.16185],[-113.02582,37.16259],[-113.02453,37.16304],[-113.02379,37.16294],[-113.02279,37.16252],[-113.0217,37.1613],[-113.02107,37.16089],[-113.01895,37.16084],[-113.01832,37.16105],[-113.01798,37.16142],[-113.01733,37.16287],[-113.01551,37.16408],[-113.01371,37.16642],[-113.0132,37.16873],[-113.01344,37.1714],[-113.01325,37.17226],[-113.01293,37.17283],[-113.00912,37.177],[-113.00651,37.18022],[-113.00573,37.1815],[-113.00364,37.18321],[-113.00064,37.18843],[-113.00016,37.18868],[-112.99648,37.18935],[-112.99559,37.18985],[-112.9946,37.19096],[-112.99362,37.19234],[-112.99259,37.1964],[-112.99032,37.19975],[-112.98909,37.20063],[-112.98783,37.20261],[-112.98678,37.20178],[-112.98573,37.19993],[-112.98581,37.19901],[-112.9861,37.19913],[-112.98673,37.19854]]}},
{"type":"Feature","properties":{"id":"d07","tipo":"shuttle","dia":7,"km":12.9,"horas":0.7,"pontos":["zion_vc","zion_lodge","sinawava"],"trechos":[{"de":"zion_vc","para":"zion_lodge","km":7,"min":23},{"de":"zion_lodge","para":"sinawava","km":6,"min":20}],"obs":"Shuttle do parque: a Zion Canyon Scenic Drive é fechada a carros particulares. Linha só de ida (volta pelo mesmo caminho); tempo estimado do shuttle sem descer (~18 km/h), não da caminhada. Do centro de visitantes até Canyon Junction a linha segue a SR-9 (por onde passa o shuttle) e não a trilha Pa'rus; dali em diante, a Zion Canyon Scenic Drive (traçada pelo perfil de bicicleta, que fica na estrada; o perfil a pé corta por trilhas)."},"geometry":{"type":"LineString","coordinates":[[-112.98671,37.20025],[-112.98647,37.20059],[-112.9861,37.20066],[-112.98678,37.20178],[-112.98744,37.2024],[-112.98745,37.20291],[-112.98667,37.2036],[-112.98444,37.20462],[-112.98288,37.2067],[-112.98204,37.20713],[-112.98038,37.20756],[-112.97946,37.20827],[-112.97913,37.20892],[-112.97886,37.21068],[-112.97817,37.21204],[-112.97706,37.2152],[-112.97595,37.21732],[-112.97549,37.21761],[-112.97396,37.21749],[-112.97406,37.21809],[-112.97347,37.2192],[-112.97364,37.22014],[-112.97348,37.22064],[-112.97114,37.2216],[-112.9692,37.22359],[-112.96737,37.22626],[-112.9667,37.22776],[-112.96522,37.22877],[-112.96388,37.22934],[-112.96304,37.22993],[-112.96311,37.23124],[-112.96261,37.23231],[-112.96253,37.23329],[-112.96134,37.23476],[-112.96088,37.23678],[-112.95731,37.24187],[-112.95682,37.24301],[-112.95686,37.24444],[-112.95747,37.24792],[-112.95664,37.24855],[-112.95707,37.24885],[-112.95735,37.24987],[-112.95728,37.25059],[-112.95699,37.25114],[-112.95675,37.25105],[-112.95677,37.25071],[-112.95712,37.25045],[-112.95785,37.25035],[-112.95797,37.25131],[-112.95785,37.25175],[-112.95537,37.25383],[-112.95453,37.25477],[-112.9531,37.25769],[-112.95254,37.25841],[-112.95147,37.25915],[-112.94932,37.25981],[-112.94848,37.26052],[-112.94833,37.26119],[-112.94875,37.26306],[-112.94782,37.26458],[-112.94723,37.26498],[-112.94564,37.2654],[-112.94408,37.26794],[-112.94349,37.26825],[-112.9417,37.26865],[-112.94105,37.26897],[-112.94022,37.26968],[-112.93951,37.27087],[-112.93933,37.27177],[-112.9396,37.27263],[-112.94019,37.27323],[-112.94147,37.27382],[-112.94302,37.27399],[-112.94377,37.27384],[-112.94484,37.27333],[-112.94583,37.27305],[-112.94624,37.27306],[-112.94656,37.27327],[-112.94666,37.27453],[-112.94643,37.27635],[-112.94617,37.27678],[-112.94466,37.27818],[-112.94455,37.27986],[-112.94463,37.28019],[-112.94508,37.28067],[-112.94555,37.28108],[-112.94683,37.28173],[-112.94707,37.28224],[-112.94671,37.28265],[-112.94566,37.28295],[-112.94506,37.28332],[-112.94448,37.2839],[-112.94442,37.28438],[-112.94486,37.28484],[-112.94793,37.28512]]}},
{"type":"Feature","properties":{"id":"d08","tipo":"principal","dia":8,"km":465.1,"horas":5.8,"pontos":["watchman","las_vegas","pahrump","zabriskie","furnace_creek"],"trechos":[{"de":"watchman","para":"las_vegas","km":276.7,"min":196},{"de":"las_vegas","para":"pahrump","km":89.8,"min":69},{"de":"pahrump","para":"zabriskie","km":89.6,"min":72},{"de":"zabriskie","para":"furnace_creek","km":9,"min":11}]},"geometry":{"type":"LineString","coordinates":[[-112.98673,37.19854],[-112.9861,37.19913],[-112.98581,37.19901],[-112.98573,37.19993],[-112.98686,37.20189],[-112.98791,37.20267],[-112.98857,37.20202],[-112.98868,37.20127],[-112.98897,37.20077],[-112.99028,37.1998],[-112.99259,37.1964],[-112.99362,37.19234],[-112.9946,37.19096],[-112.99559,37.18985],[-112.99648,37.18935],[-113.00016,37.18868],[-113.00064,37.18843],[-113.00364,37.18321],[-113.00573,37.1815],[-113.00651,37.18022],[-113.00912,37.177],[-113.01293,37.17283],[-113.01325,37.17226],[-113.01344,37.1714],[-113.0132,37.16873],[-113.01371,37.16642],[-113.01551,37.16408],[-113.01733,37.16287],[-113.01798,37.16142],[-113.01832,37.16105],[-113.01895,37.16084],[-113.02107,37.16089],[-113.0217,37.1613],[-113.02279,37.16252],[-113.02379,37.16294],[-113.02453,37.16304],[-113.02582,37.16259],[-113.02717,37.16185],[-113.02904,37.16035],[-113.02966,37.16021],[-113.03042,37.16035],[-113.03172,37.161],[-113.03402,37.16096],[-113.03552,37.16127],[-113.05094,37.16091],[-113.05293,37.16111],[-113.05487,37.1615],[-113.05801,37.16265],[-113.06054,37.16427],[-113.06706,37.16979],[-113.06828,37.17039],[-113.06986,37.1708],[-113.0714,37.17085],[-113.07692,37.17026],[-113.07954,37.17021],[-113.08175,37.17046],[-113.08867,37.17173],[-113.09066,37.17181],[-113.09191,37.1716],[-113.09295,37.17125],[-113.09973,37.16832],[-113.10154,37.16814],[-113.10338,37.16846],[-113.10476,37.16913],[-113.10936,37.172],[-113.11229,37.17293],[-113.1133,37.17349],[-113.11427,37.17447],[-113.11555,37.17718],[-113.11661,37.17811],[-113.11735,37.17849],[-113.1185,37.1788],[-113.12115,37.17904],[-113.12368,37.17975],[-113.12683,37.18025],[-113.13438,37.1832],[-113.13515,37.1837],[-113.13787,37.18631],[-113.14152,37.1893],[-113.14509,37.19334],[-113.14669,37.19442],[-113.14805,37.19497],[-113.14912,37.19519],[-113.15379,37.19521],[-113.15757,37.19624],[-113.16089,37.19672],[-113.16489,37.19774],[-113.16645,37.19828],[-113.17519,37.2026],[-113.17804,37.20379],[-113.18035,37.2041],[-113.18845,37.20357],[-113.19431,37.20363],[-113.21176,37.20544],[-113.23168,37.20768],[-113.24164,37.21061],[-113.24282,37.21114],[-113.24391,37.21192],[-113.24975,37.21816],[-113.25067,37.22],[-113.25223,37.22526],[-113.25304,37.22632],[-113.25435,37.22696],[-113.25557,37.22706],[-113.25662,37.22688],[-113.2575,37.22644],[-113.2582,37.22575],[-113.25863,37.22453],[-113.25826,37.22266],[-113.25841,37.22161],[-113.25932,37.22055],[-113.26356,37.2172],[-113.26404,37.21666],[-113.26414,37.21608],[-113.26393,37.21346],[-113.26421,37.21249],[-113.26476,37.21183],[-113.26557,37.21129],[-113.26671,37.21094],[-113.2722,37.21087],[-113.27222,37.21463],[-113.27272,37.21611],[-113.27547,37.21902],[-113.28067,37.22393],[-113.28225,37.22463],[-113.28579,37.22484],[-113.28706,37.22512],[-113.28822,37.22574],[-113.29075,37.22756],[-113.29178,37.2279],[-113.29397,37.22831],[-113.29495,37.22869],[-113.29602,37.22947],[-113.29674,37.23043],[-113.29808,37.23506],[-113.29762,37.2391],[-113.29792,37.24004],[-113.29882,37.24173],[-113.299,37.24255],[-113.29892,37.24344],[-113.29812,37.24558],[-113.29811,37.2468],[-113.29854,37.24791],[-113.29982,37.24977],[-113.30006,37.25094],[-113.29971,37.25217],[-113.29839,37.25376],[-113.29786,37.25464],[-113.29747,37.25604],[-113.29747,37.25737],[-113.29784,37.25834],[-113.29837,37.25908],[-113.30251,37.26275],[-113.30378,37.26531],[-113.30404,37.26718],[-113.30256,37.27258],[-113.3025,37.27435],[-113.30373,37.27737],[-113.30447,37.28223],[-113.30489,37.28277],[-113.30702,37.28411],[-113.30988,37.28055],[-113.32903,37.26106],[-113.33126,37.25907],[-113.33582,37.25556],[-113.35431,37.2435],[-113.35583,37.2428],[-113.35981,37.24179],[-113.36251,37.24057],[-113.36747,37.23629],[-113.37442,37.22891],[-113.38558,37.22007],[-113.38799,37.2177],[-113.38933,37.2161],[-113.41283,37.1853],[-113.41473,37.18324],[-113.41774,37.18077],[-113.41934,37.17973],[-113.42307,37.17795],[-113.43117,37.17529],[-113.43727,37.17303],[-113.44585,37.16957],[-113.45724,37.16443],[-113.46184,37.1627],[-113.4734,37.15913],[-113.4746,37.15862],[-113.47615,37.15762],[-113.485,37.14918],[-113.48818,37.14711],[-113.49139,37.14574],[-113.50249,37.14227],[-113.5072,37.14026],[-113.5114,37.13788],[-113.5211,37.13168],[-113.52489,37.12901],[-113.52927,37.12629],[-113.53299,37.1243],[-113.53549,37.12317],[-113.5525,37.11597],[-113.55426,37.11487],[-113.55546,37.11389],[-113.55617,37.1132],[-113.55762,37.111],[-113.56146,37.10155],[-113.56254,37.09976],[-113.56404,37.09794],[-113.56698,37.09547],[-113.57904,37.08805],[-113.58149,37.08577],[-113.58322,37.08337],[-113.58456,37.08033],[-113.58493,37.07867],[-113.58503,37.07719],[-113.58393,37.06232],[-113.58405,37.06089],[-113.58474,37.05924],[-113.58669,37.05694],[-113.58754,37.05546],[-113.58853,37.05092],[-113.58946,37.04811],[-113.5909,37.04563],[-113.59196,37.04433],[-113.59748,37.03918],[-113.59956,37.03679],[-113.61926,37.00614],[-113.62008,37.00508],[-113.62269,37.00272],[-113.62364,37.00151],[-113.62425,37.00026],[-113.62459,36.99902],[-113.62466,36.99448],[-113.62492,36.99334],[-113.62595,36.99156],[-113.62711,36.99046],[-113.6285,36.98961],[-113.64474,36.98332],[-113.64725,36.98251],[-113.6507,36.98163],[-113.65608,36.98082],[-113.65987,36.98059],[-113.66974,36.98106],[-113.67136,36.98086],[-113.67236,36.98046],[-113.67347,36.97975],[-113.67536,36.97772],[-113.67674,36.97677],[-113.67803,36.97633],[-113.68174,36.97568],[-113.68346,36.97518],[-113.68734,36.97324],[-113.68915,36.97267],[-113.69145,36.97266],[-113.69637,36.97383],[-113.69801,36.97405],[-113.71069,36.97396],[-113.71192,36.97381],[-113.71322,36.97337],[-113.71676,36.97092],[-113.71809,36.97038],[-113.71938,36.97021],[-113.72082,36.97035],[-113.72423,36.97117],[-113.72579,36.97137],[-113.72696,36.97126],[-113.73158,36.97018],[-113.73289,36.97008],[-113.73782,36.97061],[-113.74901,36.97121],[-113.75103,36.9711],[-113.75249,36.97066],[-113.75412,36.96977],[-113.75501,36.9689],[-113.75981,36.96307],[-113.76134,36.96188],[-113.7632,36.96099],[-113.7695,36.95957],[-113.77086,36.95942],[-113.77562,36.96],[-113.78051,36.95999],[-113.78234,36.95986],[-113.78384,36.95942],[-113.78714,36.95779],[-113.79629,36.95475],[-113.79765,36.95412],[-113.7992,36.9531],[-113.80552,36.94761],[-113.80692,36.94684],[-113.80968,36.94597],[-113.81072,36.94549],[-113.81378,36.9427],[-113.81473,36.94203],[-113.81559,36.94165],[-113.82266,36.9401],[-113.82363,36.93968],[-113.82483,36.9388],[-113.82533,36.93823],[-113.82594,36.93702],[-113.82612,36.93429],[-113.82642,36.93336],[-113.82851,36.93051],[-113.8314,36.928],[-113.83208,36.92708],[-113.83237,36.92601],[-113.83218,36.92194],[-113.8324,36.9206],[-113.83475,36.91645],[-113.83526,36.91594],[-113.83628,36.91536],[-113.83791,36.91506],[-113.84337,36.91528],[-113.8441,36.91546],[-113.84474,36.91579],[-113.84675,36.91737],[-113.84973,36.91826],[-113.85027,36.9186],[-113.85102,36.91939],[-113.85177,36.9209],[-113.85233,36.92154],[-113.85358,36.92219],[-113.85474,36.92235],[-113.85688,36.92187],[-113.85941,36.92088],[-113.86215,36.91881],[-113.86355,36.91827],[-113.86475,36.91808],[-113.86918,36.9181],[-113.87107,36.91794],[-113.87331,36.91748],[-113.87553,36.91663],[-113.90981,36.89639],[-113.91162,36.89546],[-113.91305,36.89492],[-113.91608,36.89419],[-113.92632,36.89307],[-113.92771,36.89272],[-113.92946,36.89199],[-113.97803,36.86121],[-113.98187,36.85842],[-113.98524,36.85527],[-114.00366,36.83388],[-114.00576,36.83215],[-114.00828,36.83061],[-114.01158,36.82925],[-114.0341,36.8221],[-114.05802,36.81576],[-114.07023,36.81007],[-114.0718,36.80953],[-114.07336,36.8092],[-114.07535,36.80911],[-114.08316,36.81002],[-114.08507,36.80999],[-114.0878,36.80966],[-114.09132,36.80865],[-114.09646,36.80625],[-114.09819,36.80558],[-114.10086,36.80488],[-114.10535,36.80395],[-114.10735,36.8033],[-114.10898,36.80258],[-114.11104,36.80139],[-114.14049,36.781],[-114.14336,36.77914],[-114.16875,36.76632],[-114.17211,36.76498],[-114.1741,36.76452],[-114.17607,36.76425],[-114.17991,36.76427],[-114.23316,36.77083],[-114.238,36.77187],[-114.24738,36.77487],[-114.2488,36.77538],[-114.25414,36.7779],[-114.25608,36.77859],[-114.25829,36.77911],[-114.26032,36.77937],[-114.26415,36.77933],[-114.34121,36.76565],[-114.35738,36.76275],[-114.36237,36.76171],[-114.36673,36.76058],[-114.41591,36.74662],[-114.41959,36.74531],[-114.42265,36.74391],[-114.42854,36.74042],[-114.48908,36.70312],[-114.49252,36.70087],[-114.50463,36.69068],[-114.50796,36.68761],[-114.50946,36.6859],[-114.51135,36.68323],[-114.51244,36.68138],[-114.5148,36.67659],[-114.51562,36.67535],[-114.51727,36.67353],[-114.51998,36.6716],[-114.52214,36.67059],[-114.52399,36.67001],[-114.53532,36.66781],[-114.56323,36.66542],[-114.56519,36.66514],[-114.56879,36.66411],[-114.57075,36.66321],[-114.57257,36.66209],[-114.57417,36.66082],[-114.58354,36.65197],[-114.63657,36.60446],[-114.64155,36.59882],[-114.65313,36.58375],[-114.65633,36.58069],[-114.70511,36.54769],[-114.73768,36.51993],[-114.75183,36.50816],[-114.75472,36.50608],[-114.75756,36.50444],[-114.81886,36.47341],[-114.82192,36.47178],[-114.82393,36.47055],[-114.8256,36.46931],[-114.82754,36.46763],[-114.84904,36.4471],[-114.85248,36.44369],[-114.85498,36.44067],[-114.90216,36.36409],[-114.9028,36.36274],[-114.90307,36.3616],[-114.90322,36.35761],[-114.90359,36.35561],[-114.90424,36.35382],[-114.90527,36.35205],[-114.92303,36.33007],[-114.92517,36.3281],[-114.92753,36.32662],[-114.93352,36.32343],[-114.93619,36.32172],[-114.93855,36.31986],[-114.94426,36.31435],[-114.94622,36.31302],[-114.94807,36.31214],[-115.06484,36.2683],[-115.06848,36.26667],[-115.07131,36.26505],[-115.07402,36.26312],[-115.11438,36.2302],[-115.11612,36.2285],[-115.1174,36.2269],[-115.13292,36.20587],[-115.13665,36.20055],[-115.13995,36.19347],[-115.14251,36.19007],[-115.14308,36.18906],[-115.14369,36.18716],[-115.1439,36.18345],[-115.14419,36.18254],[-115.14484,36.18143],[-115.14643,36.17995],[-115.15101,36.17739],[-115.15358,36.17563],[-115.15537,36.17401],[-115.15781,36.17124],[-115.15955,36.16822],[-115.16037,36.166],[-115.16091,36.16308],[-115.16107,36.15765],[-115.16143,36.15627],[-115.16213,36.15476],[-115.16312,36.15334],[-115.17786,36.1368],[-115.17903,36.13523],[-115.18029,36.13246],[-115.18063,36.13108],[-115.18083,36.12744],[-115.18086,36.09498],[-115.18107,36.09347],[-115.18108,36.08956],[-115.18198,36.08724],[-115.18215,36.08594],[-115.17731,36.08586],[-115.17303,36.08616],[-115.17284,36.07676],[-115.17252,36.07106],[-115.17248,36.04245],[-115.1742,36.04252],[-115.17656,36.04331],[-115.17842,36.04362],[-115.18243,36.04359],[-115.18422,36.04328],[-115.22107,36.02682],[-115.22204,36.02642],[-115.224,36.02595],[-115.25293,36.02084],[-115.25662,36.02038],[-115.26381,36.0202],[-115.29713,36.02049],[-115.30716,36.02177],[-115.31375,36.02298],[-115.31707,36.02382],[-115.31892,36.02444],[-115.3248,36.02764],[-115.32635,36.02825],[-115.3369,36.03153],[-115.34859,36.03455],[-115.35123,36.03511],[-115.35396,36.03531],[-115.35595,36.03523],[-115.38441,36.03256],[-115.3931,36.03287],[-115.39457,36.03277],[-115.39704,36.03201],[-115.39885,36.03079],[-115.39996,36.02944],[-115.40148,36.02672],[-115.40236,36.02577],[-115.40343,36.025],[-115.41835,36.01834],[-115.42039,36.01703],[-115.42526,36.01298],[-115.42677,36.01196],[-115.42898,36.01086],[-115.43582,36.00817],[-115.4379,36.00715],[-115.43942,36.00615],[-115.44082,36.00499],[-115.44389,36.00169],[-115.44519,36.00054],[-115.4493,35.99791],[-115.45131,35.99691],[-115.45337,35.99617],[-115.45954,35.9942],[-115.46184,35.99385],[-115.46371,35.99396],[-115.46567,35.99443],[-115.46696,35.995],[-115.47048,35.99698],[-115.47161,35.99738],[-115.47546,35.99826],[-115.48067,36.00089],[-115.48527,36.00136],[-115.48653,36.00174],[-115.48757,36.00254],[-115.48811,36.00351],[-115.48881,36.00734],[-115.48925,36.00804],[-115.49075,36.00956],[-115.49221,36.01033],[-115.49528,36.01095],[-115.4975,36.01237],[-115.49978,36.01344],[-115.50395,36.01694],[-115.50514,36.01761],[-115.50803,36.01877],[-115.50986,36.02032],[-115.51079,36.02089],[-115.51368,36.02159],[-115.51725,36.02269],[-115.53236,36.02386],[-115.54394,36.02361],[-115.55215,36.02205],[-115.55574,36.02077],[-115.58422,36.00837],[-115.58567,36.00783],[-115.58851,36.00715],[-115.59124,36.00687],[-115.64838,36.00414],[-115.65184,36.0042],[-115.65438,36.00461],[-115.65703,36.00542],[-115.66004,36.00691],[-115.77149,36.07499],[-115.89012,36.1472],[-115.89415,36.15024],[-115.91047,36.16705],[-115.91219,36.16857],[-115.9134,36.16941],[-115.91555,36.17057],[-115.9179,36.17147],[-115.95691,36.18522],[-115.95981,36.18655],[-115.96158,36.18771],[-115.9632,36.18911],[-115.98043,36.20594],[-115.9834,36.20818],[-115.98456,36.20894],[-115.98466,36.20885],[-115.98393,36.20832],[-115.98349,36.2081],[-115.9834,36.20818],[-115.99058,36.21288],[-115.99167,36.21391],[-115.99238,36.21493],[-115.99615,36.2255],[-116.00485,36.25099],[-116.00518,36.253],[-116.00514,36.25502],[-116.00309,36.26373],[-116.01477,36.26386],[-116.06811,36.2638],[-116.08575,36.26358],[-116.10137,36.26378],[-116.10337,36.26405],[-116.10485,36.26464],[-116.12164,36.27278],[-116.12369,36.27312],[-116.132,36.27354],[-116.13321,36.27376],[-116.13451,36.27425],[-116.14205,36.27841],[-116.14715,36.28391],[-116.1481,36.28469],[-116.15329,36.28714],[-116.15422,36.28738],[-116.15535,36.28736],[-116.16026,36.28582],[-116.16358,36.28531],[-116.16755,36.28562],[-116.16929,36.28616],[-116.17134,36.28749],[-116.19719,36.3061],[-116.19881,36.30704],[-116.20093,36.30794],[-116.23892,36.32004],[-116.25665,36.32429],[-116.26397,36.32734],[-116.26964,36.32984],[-116.27161,36.33117],[-116.27293,36.33264],[-116.277,36.33915],[-116.27818,36.34032],[-116.28847,36.34534],[-116.29232,36.34637],[-116.31554,36.34965],[-116.31832,36.34951],[-116.32095,36.34871],[-116.40426,36.30745],[-116.40923,36.30478],[-116.41312,36.30248],[-116.41413,36.30211],[-116.41437,36.30206],[-116.41522,36.30462],[-116.49612,36.30298],[-116.50116,36.303],[-116.50637,36.30362],[-116.52165,36.307],[-116.52468,36.30785],[-116.5278,36.30903],[-116.59621,36.33994],[-116.59875,36.34082],[-116.64165,36.35282],[-116.64326,36.35383],[-116.65098,36.36033],[-116.65534,36.36545],[-116.65685,36.36686],[-116.66321,36.37132],[-116.66489,36.37209],[-116.67394,36.3742],[-116.68011,36.37505],[-116.68237,36.37513],[-116.68739,36.37559],[-116.68864,36.37579],[-116.6908,36.37644],[-116.69166,36.3765],[-116.69247,36.37619],[-116.69325,36.37558],[-116.69708,36.37123],[-116.70071,36.36829],[-116.70602,36.36456],[-116.71042,36.36263],[-116.71221,36.36238],[-116.71443,36.36257],[-116.72516,36.36565],[-116.72754,36.36723],[-116.73056,36.37009],[-116.73439,36.37522],[-116.73639,36.37716],[-116.74292,36.38426],[-116.74368,36.38488],[-116.74515,36.38555],[-116.75548,36.38749],[-116.7573,36.38812],[-116.75992,36.38988],[-116.76196,36.39259],[-116.7627,36.39329],[-116.7663,36.39592],[-116.76933,36.39727],[-116.77006,36.39779],[-116.7708,36.39867],[-116.77166,36.40033],[-116.77318,36.40162],[-116.77483,36.40235],[-116.79015,36.40715],[-116.79178,36.40794],[-116.80182,36.41389],[-116.80298,36.41494],[-116.80602,36.41868],[-116.80887,36.42104],[-116.81009,36.42096],[-116.81016,36.42083],[-116.80932,36.42087],[-116.80887,36.42104],[-116.81732,36.43356],[-116.8185,36.43485],[-116.81961,36.43566],[-116.82087,36.4363],[-116.83107,36.44034],[-116.83613,36.44215],[-116.83769,36.44333],[-116.83919,36.445],[-116.84116,36.44584],[-116.8432,36.44981],[-116.84408,36.45045],[-116.84731,36.45134],[-116.84888,36.45139],[-116.851,36.45013],[-116.85253,36.44851],[-116.85303,36.44833],[-116.85394,36.44825],[-116.85484,36.44841],[-116.85941,36.44987],[-116.86165,36.45103],[-116.86261,36.45177],[-116.8638,36.4531],[-116.86447,36.45423],[-116.86489,36.45535],[-116.86543,36.46019],[-116.8656,36.46442],[-116.86627,36.46631],[-116.86867,36.46561],[-116.86905,36.46464],[-116.86907,36.46398],[-116.87006,36.46385],[-116.87022,36.46357],[-116.87007,36.46352]]}},
{"type":"Feature","properties":{"id":"d09","tipo":"principal","dia":9,"km":545.7,"horas":8.3,"pontos":["furnace_creek","badwater","mesquite_dunes","lone_pine","lee_vining","tioga_pass","upper_pines"],"trechos":[{"de":"furnace_creek","para":"badwater","km":29.9,"min":30},{"de":"badwater","para":"mesquite_dunes","km":65,"min":59},{"de":"mesquite_dunes","para":"lone_pine","km":133,"min":115},{"de":"lone_pine","para":"lee_vining","km":195.3,"min":147},{"de":"lee_vining","para":"tioga_pass","km":19.4,"min":19},{"de":"tioga_pass","para":"upper_pines","km":103,"min":126}],"obs":"Tioga Road (CA-120) aberta no OSM em 04/10/2026; ela fecha com a primeira neve forte do outono, sem data fixa. Conferir o site do parque (NPS) no dia; se estiver fechada, plano B (d09b)."},"geometry":{"type":"LineString","coordinates":[[-116.87007,36.46352],[-116.87022,36.46357],[-116.87016,36.46371],[-116.86981,36.46392],[-116.86849,36.46352],[-116.86864,36.46453],[-116.86893,36.46505],[-116.86875,36.46538],[-116.86627,36.46631],[-116.8656,36.46442],[-116.86555,36.46181],[-116.86501,36.45588],[-116.8646,36.4545],[-116.8638,36.4531],[-116.86208,36.45133],[-116.86035,36.45026],[-116.85452,36.44832],[-116.85365,36.44825],[-116.85277,36.4484],[-116.85175,36.44714],[-116.85139,36.44452],[-116.85152,36.44158],[-116.85214,36.43964],[-116.85146,36.43778],[-116.85124,36.43313],[-116.85144,36.43242],[-116.85213,36.43146],[-116.85218,36.43068],[-116.85001,36.4278],[-116.84913,36.42614],[-116.84595,36.41367],[-116.84555,36.41039],[-116.84566,36.4088],[-116.84811,36.39221],[-116.84843,36.39165],[-116.85034,36.3895],[-116.85226,36.38614],[-116.85239,36.38489],[-116.83213,36.33387],[-116.82998,36.3299],[-116.80027,36.27895],[-116.79925,36.27782],[-116.79827,36.27704],[-116.79021,36.27254],[-116.78847,36.27133],[-116.78713,36.27014],[-116.78438,36.26687],[-116.77494,36.2546],[-116.77388,36.25217],[-116.77183,36.24159],[-116.77148,36.24053],[-116.7709,36.23946],[-116.76601,36.23224],[-116.76593,36.23163],[-116.7661,36.23094],[-116.76716,36.22958],[-116.7661,36.23094],[-116.76593,36.23163],[-116.76601,36.23224],[-116.7709,36.23946],[-116.77148,36.24053],[-116.77183,36.24159],[-116.77388,36.25217],[-116.77494,36.2546],[-116.78438,36.26687],[-116.78713,36.27014],[-116.78847,36.27133],[-116.79021,36.27254],[-116.79827,36.27704],[-116.79925,36.27782],[-116.80027,36.27895],[-116.83144,36.33247],[-116.83255,36.33485],[-116.85229,36.38456],[-116.85244,36.38544],[-116.85209,36.38647],[-116.85017,36.38977],[-116.84843,36.39165],[-116.84811,36.39221],[-116.84566,36.4088],[-116.84555,36.41039],[-116.84595,36.41367],[-116.84913,36.42614],[-116.85001,36.4278],[-116.85218,36.43068],[-116.85213,36.43146],[-116.85144,36.43242],[-116.85124,36.43313],[-116.85146,36.43778],[-116.85214,36.43964],[-116.85152,36.44158],[-116.85139,36.44452],[-116.85171,36.44697],[-116.85205,36.44762],[-116.85277,36.4484],[-116.85365,36.44825],[-116.85484,36.44841],[-116.85977,36.45],[-116.86119,36.45073],[-116.86306,36.45221],[-116.86391,36.45324],[-116.8646,36.4545],[-116.86511,36.4565],[-116.86564,36.46467],[-116.86684,36.46793],[-116.86717,36.47153],[-116.86852,36.47828],[-116.86907,36.47962],[-116.87089,36.48145],[-116.87137,36.48241],[-116.87136,36.48315],[-116.87109,36.48375],[-116.8686,36.48655],[-116.86844,36.4872],[-116.86855,36.48791],[-116.86944,36.48988],[-116.87402,36.49598],[-116.8747,36.49711],[-116.87525,36.49882],[-116.87544,36.50167],[-116.87582,36.50288],[-116.87791,36.50594],[-116.88129,36.51215],[-116.88177,36.51351],[-116.88191,36.5147],[-116.88144,36.51752],[-116.88146,36.51882],[-116.88249,36.52297],[-116.88284,36.52576],[-116.88289,36.52773],[-116.88256,36.53099],[-116.88285,36.53297],[-116.88348,36.5347],[-116.88555,36.54212],[-116.88676,36.54395],[-116.88953,36.54667],[-116.89144,36.5494],[-116.8922,36.55101],[-116.8929,36.5542],[-116.89371,36.55586],[-116.89444,36.55678],[-116.89532,36.55744],[-116.90037,36.55946],[-116.90433,36.56141],[-116.90567,36.56227],[-116.9078,36.5645],[-116.90886,36.56717],[-116.90947,36.56816],[-116.91138,36.56982],[-116.91392,36.57078],[-116.91727,36.57256],[-116.92277,36.57411],[-116.92724,36.57607],[-116.92905,36.57734],[-116.9323,36.581],[-116.93465,36.58309],[-116.93636,36.58424],[-116.93959,36.58581],[-116.94191,36.58748],[-116.9428,36.58786],[-116.94589,36.58862],[-116.9495,36.58981],[-116.95081,36.5904],[-116.95323,36.59185],[-116.95473,36.59246],[-116.96497,36.59468],[-116.96867,36.59601],[-116.97154,36.59743],[-116.97525,36.59999],[-116.98071,36.60488],[-116.99445,36.61539],[-117.00506,36.62435],[-117.00622,36.62509],[-117.00759,36.6257],[-117.01296,36.62709],[-117.01665,36.62874],[-117.02402,36.6338],[-117.02902,36.63897],[-117.03042,36.63969],[-117.03181,36.63999],[-117.03387,36.63992],[-117.03569,36.63927],[-117.06778,36.61789],[-117.07445,36.61528],[-117.07552,36.61472],[-117.07896,36.61235],[-117.08107,36.61175],[-117.08222,36.61124],[-117.09349,36.60217],[-117.09519,36.60137],[-117.09658,36.60117],[-117.09825,36.60136],[-117.10496,36.60417],[-117.10978,36.60522],[-117.112,36.60548],[-117.11378,36.60553],[-117.11388,36.60602],[-117.11424,36.60619],[-117.11569,36.6061],[-117.11411,36.60617],[-117.11382,36.60593],[-117.11378,36.60553],[-117.11766,36.60545],[-117.12567,36.60364],[-117.12707,36.60353],[-117.12891,36.60389],[-117.13483,36.60656],[-117.1363,36.60703],[-117.14278,36.60794],[-117.14393,36.60786],[-117.14521,36.6075],[-117.14614,36.607],[-117.14743,36.60597],[-117.1491,36.60393],[-117.19638,36.56655],[-117.19823,36.5649],[-117.19929,36.56368],[-117.20023,36.56226],[-117.21912,36.52954],[-117.22281,36.5195],[-117.22372,36.51481],[-117.22419,36.50878],[-117.22676,36.49893],[-117.22704,36.49497],[-117.22944,36.48708],[-117.23459,36.47162],[-117.23516,36.46936],[-117.23613,36.46382],[-117.24197,36.45143],[-117.24416,36.44574],[-117.24725,36.44057],[-117.24919,36.43771],[-117.24992,36.43592],[-117.25115,36.43415],[-117.25303,36.4326],[-117.2585,36.42962],[-117.26058,36.42876],[-117.26167,36.42793],[-117.26232,36.42728],[-117.26376,36.42508],[-117.26575,36.42301],[-117.2659,36.42167],[-117.26655,36.4203],[-117.26766,36.41968],[-117.26932,36.41991],[-117.27037,36.41957],[-117.27418,36.41465],[-117.27523,36.41158],[-117.27685,36.40801],[-117.2787,36.40546],[-117.27967,36.40241],[-117.283,36.384],[-117.28333,36.38275],[-117.28459,36.3795],[-117.28524,36.37646],[-117.28566,36.37406],[-117.28579,36.37053],[-117.28701,36.36815],[-117.28701,36.36725],[-117.28634,36.36558],[-117.28632,36.36469],[-117.28665,36.36389],[-117.28789,36.36248],[-117.28841,36.36164],[-117.2891,36.35909],[-117.29005,36.35811],[-117.29214,36.3571],[-117.29276,36.35663],[-117.29344,36.35577],[-117.29449,36.35326],[-117.29502,36.35245],[-117.29856,36.35011],[-117.30101,36.3472],[-117.30174,36.34683],[-117.3026,36.34664],[-117.30351,36.34669],[-117.30606,36.34721],[-117.30697,36.34711],[-117.30764,36.34686],[-117.3086,36.34605],[-117.30958,36.34364],[-117.31002,36.34314],[-117.31068,36.34273],[-117.31213,36.34242],[-117.31299,36.34254],[-117.31379,36.34287],[-117.31447,36.34344],[-117.31589,36.34536],[-117.3171,36.34609],[-117.32583,36.34793],[-117.3286,36.34803],[-117.33549,36.34873],[-117.33683,36.34844],[-117.33928,36.34725],[-117.34227,36.34625],[-117.34916,36.34464],[-117.35034,36.34464],[-117.35264,36.34503],[-117.35388,36.34506],[-117.35902,36.34398],[-117.44886,36.33768],[-117.45489,36.33672],[-117.456,36.33683],[-117.46859,36.33987],[-117.46944,36.33994],[-117.47071,36.33952],[-117.47528,36.33629],[-117.47733,36.33537],[-117.47837,36.33528],[-117.47881,36.33545],[-117.47914,36.33586],[-117.48038,36.34098],[-117.48065,36.34175],[-117.48108,36.34233],[-117.48183,36.34266],[-117.48337,36.34285],[-117.48613,36.34451],[-117.48992,36.34589],[-117.4913,36.34596],[-117.49226,36.34654],[-117.49505,36.34578],[-117.49738,36.34592],[-117.49835,36.34636],[-117.49884,36.34642],[-117.50088,36.34557],[-117.50289,36.34545],[-117.5044,36.34559],[-117.50509,36.34526],[-117.50557,36.34461],[-117.50604,36.34361],[-117.50602,36.34226],[-117.50632,36.34178],[-117.50709,36.34155],[-117.50818,36.34198],[-117.50889,36.34197],[-117.50931,36.34169],[-117.50989,36.34069],[-117.51043,36.34031],[-117.51144,36.34011],[-117.51233,36.3403],[-117.51535,36.34277],[-117.51738,36.34361],[-117.51833,36.3449],[-117.52513,36.34782],[-117.52685,36.34798],[-117.52773,36.34848],[-117.52807,36.3493],[-117.52753,36.35077],[-117.52752,36.35142],[-117.52912,36.35415],[-117.52917,36.35508],[-117.52853,36.35759],[-117.52867,36.35808],[-117.5293,36.35843],[-117.52996,36.35837],[-117.53073,36.35779],[-117.53123,36.3576],[-117.53178,36.35763],[-117.53304,36.35819],[-117.53359,36.35827],[-117.53449,36.35806],[-117.53491,36.35766],[-117.53548,36.35574],[-117.53519,36.35519],[-117.53459,36.35469],[-117.5344,36.35409],[-117.53467,36.35347],[-117.53602,36.35252],[-117.53637,36.35207],[-117.53623,36.35172],[-117.53537,36.35128],[-117.53515,36.35082],[-117.53609,36.34874],[-117.53667,36.34816],[-117.53711,36.34802],[-117.54014,36.34894],[-117.5405,36.34887],[-117.5408,36.34849],[-117.54071,36.34811],[-117.53938,36.34705],[-117.53839,36.3456],[-117.53837,36.34493],[-117.53862,36.34446],[-117.53894,36.34419],[-117.53952,36.34402],[-117.5401,36.34409],[-117.54065,36.34446],[-117.54088,36.34629],[-117.54132,36.34671],[-117.54278,36.34736],[-117.54306,36.34779],[-117.54326,36.34882],[-117.54379,36.34937],[-117.54471,36.34953],[-117.54656,36.34911],[-117.54837,36.34892],[-117.54897,36.34899],[-117.54987,36.34958],[-117.55029,36.35077],[-117.55064,36.3512],[-117.55126,36.35155],[-117.55252,36.35175],[-117.55334,36.35218],[-117.55411,36.35221],[-117.55606,36.35152],[-117.5576,36.35145],[-117.56448,36.35333],[-117.56544,36.35322],[-117.56745,36.35255],[-117.57014,36.35236],[-117.57125,36.35261],[-117.57183,36.35292],[-117.57457,36.35522],[-117.57469,36.35583],[-117.5741,36.35738],[-117.57512,36.35891],[-117.57561,36.35915],[-117.57615,36.3592],[-117.57751,36.3587],[-117.57798,36.35874],[-117.57992,36.36049],[-117.58235,36.36127],[-117.58295,36.36165],[-117.58339,36.36234],[-117.58431,36.36505],[-117.58465,36.36801],[-117.58531,36.36954],[-117.58908,36.37464],[-117.59055,36.37578],[-117.59251,36.37676],[-117.59442,36.3796],[-117.59502,36.37989],[-117.59575,36.37996],[-117.60304,36.37707],[-117.63127,36.36093],[-117.63407,36.35919],[-117.63585,36.35752],[-117.6388,36.35394],[-117.64318,36.34647],[-117.65406,36.33231],[-117.65714,36.32838],[-117.65828,36.32719],[-117.66446,36.32222],[-117.66651,36.32087],[-117.67194,36.31817],[-117.67763,36.31607],[-117.67971,36.31584],[-117.68305,36.31615],[-117.68492,36.31642],[-117.68599,36.31686],[-117.68746,36.31805],[-117.68869,36.32005],[-117.6895,36.32098],[-117.69499,36.32508],[-117.70077,36.32818],[-117.70314,36.329],[-117.70518,36.3294],[-117.74695,36.33491],[-117.74833,36.3352],[-117.7501,36.33586],[-117.77094,36.34863],[-117.77219,36.3497],[-117.77873,36.35738],[-117.78065,36.35923],[-117.78262,36.3606],[-117.78833,36.36356],[-117.79003,36.3647],[-117.79963,36.37345],[-117.80266,36.37751],[-117.80312,36.3785],[-117.80523,36.38486],[-117.80707,36.39158],[-117.80758,36.3951],[-117.81128,36.40914],[-117.81281,36.41309],[-117.81516,36.41703],[-117.86156,36.48238],[-117.86315,36.48384],[-117.87087,36.48927],[-117.89302,36.51015],[-117.89743,36.5152],[-117.90319,36.52264],[-117.90484,36.52416],[-117.9112,36.52897],[-117.92276,36.53463],[-117.92457,36.53563],[-117.92722,36.53751],[-117.92997,36.53989],[-117.9313,36.54075],[-117.99084,36.57194],[-117.99358,36.57314],[-117.99598,36.57379],[-117.99817,36.57413],[-118.0094,36.57428],[-118.02431,36.57629],[-118.02722,36.57676],[-118.03624,36.57897],[-118.03778,36.57923],[-118.05651,36.57929],[-118.05713,36.57935],[-118.05742,36.57953],[-118.05757,36.58005],[-118.05763,36.59296],[-118.05782,36.59419],[-118.06336,36.60561],[-118.06288,36.60576],[-118.06298,36.60597],[-118.06288,36.60576],[-118.06336,36.60561],[-118.06477,36.60846],[-118.06712,36.61671],[-118.07246,36.62677],[-118.08111,36.64011],[-118.08206,36.64185],[-118.09426,36.66553],[-118.09465,36.66667],[-118.09558,36.67124],[-118.096,36.67236],[-118.09673,36.67359],[-118.10948,36.68718],[-118.11307,36.69154],[-118.1232,36.7023],[-118.12474,36.70371],[-118.12864,36.70656],[-118.1301,36.70797],[-118.13661,36.71676],[-118.13903,36.72105],[-118.14907,36.73475],[-118.152,36.73864],[-118.15447,36.74115],[-118.1563,36.7435],[-118.19055,36.79],[-118.1942,36.79423],[-118.19622,36.79697],[-118.20706,36.81417],[-118.209,36.8163],[-118.22261,36.82883],[-118.22812,36.83562],[-118.22855,36.83666],[-118.23933,36.88049],[-118.24148,36.8894],[-118.24175,36.89124],[-118.2398,36.96],[-118.23382,36.98914],[-118.23068,37.02508],[-118.23395,37.05428],[-118.23474,37.05594],[-118.23686,37.05829],[-118.23746,37.05922],[-118.23928,37.06398],[-118.25304,37.10654],[-118.25412,37.10913],[-118.25548,37.11136],[-118.28292,37.14873],[-118.28844,37.1549],[-118.28915,37.15598],[-118.28943,37.157],[-118.28959,37.17106],[-118.28976,37.17223],[-118.29029,37.17345],[-118.29173,37.17508],[-118.30526,37.1887],[-118.3076,37.19127],[-118.34544,37.22937],[-118.34661,37.23096],[-118.37206,37.27992],[-118.37306,37.28283],[-118.37425,37.29135],[-118.37515,37.29436],[-118.39142,37.32554],[-118.39477,37.3323],[-118.39508,37.33375],[-118.39526,37.36144],[-118.42302,37.36131],[-118.42301,37.37582],[-118.46009,37.3758],[-118.46306,37.37603],[-118.46587,37.37658],[-118.46953,37.3778],[-118.5438,37.40618],[-118.54598,37.40724],[-118.5479,37.4085],[-118.54966,37.41008],[-118.55122,37.41202],[-118.55597,37.421],[-118.55886,37.42546],[-118.56144,37.42876],[-118.5696,37.43837],[-118.57055,37.43984],[-118.57142,37.44177],[-118.57197,37.44409],[-118.57221,37.44895],[-118.57258,37.45081],[-118.57322,37.45254],[-118.57798,37.46307],[-118.57831,37.46431],[-118.57871,37.46789],[-118.58056,37.4725],[-118.58325,37.51154],[-118.58355,37.51276],[-118.58412,37.51379],[-118.58527,37.51498],[-118.5865,37.51574],[-118.59364,37.51857],[-118.60269,37.52083],[-118.60451,37.5209],[-118.60801,37.52039],[-118.61008,37.52054],[-118.61791,37.52298],[-118.61991,37.52395],[-118.62887,37.53099],[-118.63675,37.5354],[-118.63792,37.53639],[-118.6393,37.5383],[-118.63993,37.54033],[-118.63997,37.54158],[-118.63931,37.54791],[-118.63951,37.54907],[-118.63999,37.55],[-118.64054,37.55065],[-118.64149,37.55138],[-118.6524,37.55727],[-118.65355,37.55777],[-118.65483,37.558],[-118.65808,37.55768],[-118.65959,37.55775],[-118.66075,37.55809],[-118.66318,37.55948],[-118.66467,37.55997],[-118.66662,37.56033],[-118.67362,37.56112],[-118.67664,37.56179],[-118.68757,37.56555],[-118.68918,37.56646],[-118.69498,37.57064],[-118.69676,37.57145],[-118.69863,37.57195],[-118.70129,37.57216],[-118.70877,37.57153],[-118.70979,37.57156],[-118.71297,37.57231],[-118.71603,37.57397],[-118.71735,37.57452],[-118.71921,37.57504],[-118.72123,37.57525],[-118.72291,37.57519],[-118.73839,37.57344],[-118.74042,37.57346],[-118.7548,37.57626],[-118.75696,37.57687],[-118.77515,37.58394],[-118.78872,37.58993],[-118.79116,37.59126],[-118.7932,37.59286],[-118.8044,37.60407],[-118.80553,37.60559],[-118.81006,37.61327],[-118.81161,37.61472],[-118.81356,37.61579],[-118.88545,37.63545],[-118.88882,37.63615],[-118.91009,37.63894],[-118.91216,37.63938],[-118.9141,37.64004],[-118.91536,37.64066],[-118.92116,37.64431],[-118.9229,37.64625],[-118.92378,37.64814],[-118.92405,37.64953],[-118.92412,37.65378],[-118.92435,37.6549],[-118.92508,37.65678],[-118.92837,37.66167],[-118.93226,37.6654],[-118.93377,37.66864],[-118.93813,37.67483],[-118.93901,37.67632],[-118.94268,37.68994],[-118.94397,37.69215],[-118.94745,37.69579],[-118.94809,37.69681],[-118.95098,37.70383],[-118.95298,37.71138],[-118.95364,37.71306],[-118.97664,37.74363],[-118.97789,37.74492],[-118.98175,37.7483],[-118.98227,37.74896],[-118.9828,37.74984],[-118.9847,37.75461],[-118.98516,37.75543],[-118.98835,37.75835],[-118.99026,37.75948],[-118.99256,37.76031],[-118.99314,37.76075],[-118.99425,37.76215],[-118.99516,37.76275],[-118.99813,37.76364],[-118.99986,37.76459],[-119.00374,37.7681],[-119.01851,37.77765],[-119.01975,37.77895],[-119.02066,37.78039],[-119.0211,37.78156],[-119.02156,37.78424],[-119.02189,37.78521],[-119.02271,37.78643],[-119.02343,37.7871],[-119.02481,37.78796],[-119.02962,37.78973],[-119.03783,37.79395],[-119.03876,37.79462],[-119.03998,37.79596],[-119.04069,37.7974],[-119.04091,37.79867],[-119.04079,37.80202],[-119.04108,37.80311],[-119.04161,37.80407],[-119.04253,37.80503],[-119.04324,37.80554],[-119.04592,37.80694],[-119.04861,37.80879],[-119.05787,37.81612],[-119.05997,37.81859],[-119.064,37.82598],[-119.06822,37.83114],[-119.06921,37.83344],[-119.07033,37.839],[-119.07134,37.84123],[-119.07305,37.84354],[-119.07803,37.8484],[-119.07972,37.85037],[-119.0844,37.85795],[-119.0857,37.86083],[-119.08629,37.86305],[-119.08911,37.8776],[-119.08992,37.88304],[-119.0929,37.89872],[-119.10113,37.93995],[-119.10172,37.94168],[-119.10247,37.94303],[-119.1061,37.94737],[-119.10736,37.94866],[-119.10844,37.94935],[-119.10974,37.94988],[-119.1131,37.95042],[-119.11356,37.94883],[-119.11414,37.9478],[-119.1171,37.94563],[-119.11783,37.94485],[-119.11818,37.94409],[-119.11859,37.94204],[-119.119,37.94122],[-119.11989,37.94038],[-119.12104,37.93985],[-119.12199,37.93967],[-119.12308,37.93968],[-119.12634,37.94046],[-119.1296,37.94076],[-119.13101,37.9407],[-119.13414,37.94023],[-119.1466,37.93598],[-119.15093,37.93394],[-119.1598,37.93124],[-119.16094,37.93103],[-119.16482,37.93112],[-119.16814,37.93047],[-119.16931,37.9304],[-119.17067,37.93059],[-119.17493,37.93166],[-119.17587,37.93205],[-119.17669,37.93261],[-119.17745,37.93361],[-119.17931,37.93794],[-119.18144,37.94071],[-119.18215,37.94139],[-119.18398,37.94269],[-119.18436,37.94321],[-119.18468,37.9443],[-119.18492,37.94459],[-119.18663,37.94529],[-119.188,37.94623],[-119.18932,37.94783],[-119.19,37.94796],[-119.19148,37.94777],[-119.1946,37.94832],[-119.19811,37.94957],[-119.20099,37.95008],[-119.20542,37.95011],[-119.20744,37.95045],[-119.20889,37.9502],[-119.21074,37.95014],[-119.21277,37.94949],[-119.21399,37.94953],[-119.21787,37.95027],[-119.21915,37.95079],[-119.22215,37.95144],[-119.22418,37.95266],[-119.2253,37.95263],[-119.22602,37.95212],[-119.22622,37.95139],[-119.22594,37.95082],[-119.22486,37.94985],[-119.22475,37.94896],[-119.22582,37.94751],[-119.22627,37.9456],[-119.2276,37.94412],[-119.22882,37.94237],[-119.23002,37.9411],[-119.23031,37.93973],[-119.23123,37.93856],[-119.23111,37.93664],[-119.23166,37.9359],[-119.23261,37.93563],[-119.23352,37.93584],[-119.23547,37.93689],[-119.23885,37.93969],[-119.24047,37.94024],[-119.24142,37.94026],[-119.24242,37.94004],[-119.24316,37.93968],[-119.24472,37.9385],[-119.24541,37.93823],[-119.24645,37.93812],[-119.2483,37.93832],[-119.24891,37.93811],[-119.2493,37.93776],[-119.24952,37.93721],[-119.24946,37.93677],[-119.24852,37.93547],[-119.24833,37.93466],[-119.25022,37.93108],[-119.25113,37.93019],[-119.25364,37.92942],[-119.25468,37.92881],[-119.25535,37.92796],[-119.25623,37.92599],[-119.25618,37.92444],[-119.2549,37.92166],[-119.25509,37.91914],[-119.25529,37.91838],[-119.25646,37.91663],[-119.25691,37.91553],[-119.25782,37.91264],[-119.25804,37.90984],[-119.25936,37.9066],[-119.25989,37.90467],[-119.26013,37.90155],[-119.25967,37.8972],[-119.26004,37.89333],[-119.26053,37.89259],[-119.26117,37.89205],[-119.26419,37.89029],[-119.27046,37.88597],[-119.27392,37.8824],[-119.27562,37.87995],[-119.27629,37.87946],[-119.27709,37.87926],[-119.27902,37.87921],[-119.28115,37.87843],[-119.28444,37.87779],[-119.28612,37.87758],[-119.28764,37.87756],[-119.28953,37.8778],[-119.29216,37.87853],[-119.29408,37.87885],[-119.2957,37.8789],[-119.29881,37.87869],[-119.30033,37.87883],[-119.30581,37.88044],[-119.30791,37.88083],[-119.31053,37.88083],[-119.31368,37.88029],[-119.31548,37.88024],[-119.32091,37.88112],[-119.32309,37.88203],[-119.32401,37.88213],[-119.32472,37.88193],[-119.32603,37.88086],[-119.32803,37.8802],[-119.33121,37.88014],[-119.33299,37.88035],[-119.33661,37.88041],[-119.33756,37.88021],[-119.342,37.87829],[-119.34366,37.87783],[-119.34779,37.87724],[-119.35323,37.87702],[-119.35444,37.87656],[-119.35797,37.87395],[-119.35997,37.87304],[-119.36247,37.87246],[-119.3689,37.87194],[-119.37175,37.8722],[-119.37557,37.8734],[-119.37715,37.87369],[-119.37929,37.87375],[-119.38415,37.87333],[-119.38683,37.87375],[-119.39458,37.87684],[-119.39532,37.87753],[-119.39598,37.87935],[-119.39671,37.88023],[-119.39766,37.88082],[-119.40021,37.88147],[-119.40104,37.88146],[-119.40194,37.88112],[-119.40411,37.87942],[-119.40553,37.87725],[-119.40674,37.87658],[-119.41189,37.87601],[-119.41332,37.87613],[-119.41568,37.87673],[-119.41706,37.8766],[-119.41786,37.87622],[-119.41912,37.87485],[-119.42002,37.87431],[-119.42091,37.8741],[-119.42428,37.87379],[-119.42554,37.87339],[-119.42683,37.87253],[-119.42964,37.86827],[-119.43161,37.86587],[-119.43296,37.86331],[-119.43801,37.85724],[-119.43991,37.85371],[-119.44094,37.85215],[-119.44297,37.84965],[-119.44536,37.84737],[-119.4473,37.84358],[-119.44964,37.84052],[-119.45165,37.83859],[-119.45478,37.83611],[-119.45895,37.83383],[-119.45976,37.83361],[-119.46075,37.83362],[-119.46255,37.83425],[-119.46323,37.83431],[-119.46375,37.83415],[-119.46502,37.8333],[-119.46606,37.83285],[-119.46655,37.83238],[-119.46763,37.83051],[-119.46808,37.82889],[-119.46945,37.82644],[-119.47053,37.82586],[-119.47576,37.82447],[-119.47703,37.82375],[-119.47779,37.82262],[-119.47808,37.82042],[-119.47862,37.81898],[-119.47937,37.81798],[-119.48114,37.8163],[-119.48384,37.81151],[-119.48416,37.81119],[-119.48474,37.81096],[-119.48538,37.81094],[-119.48597,37.81115],[-119.48688,37.81222],[-119.48762,37.81258],[-119.49155,37.81233],[-119.49314,37.81272],[-119.49585,37.81425],[-119.49627,37.81495],[-119.49621,37.81612],[-119.49637,37.81659],[-119.49685,37.817],[-119.49752,37.81717],[-119.49805,37.81711],[-119.49855,37.81686],[-119.50102,37.81433],[-119.50247,37.81331],[-119.50389,37.81268],[-119.50579,37.81212],[-119.50739,37.81122],[-119.50843,37.81115],[-119.50922,37.8116],[-119.50948,37.81229],[-119.50929,37.81286],[-119.50791,37.8141],[-119.50753,37.81479],[-119.50756,37.81593],[-119.50817,37.81678],[-119.50877,37.8171],[-119.50959,37.81725],[-119.51377,37.81718],[-119.51435,37.81731],[-119.51541,37.81784],[-119.51632,37.81795],[-119.51712,37.81771],[-119.51852,37.81656],[-119.51963,37.81592],[-119.52759,37.81264],[-119.52887,37.8122],[-119.53079,37.81199],[-119.53173,37.81173],[-119.53583,37.8089],[-119.53691,37.80842],[-119.53842,37.808],[-119.54158,37.80756],[-119.54505,37.80672],[-119.5462,37.80678],[-119.548,37.80725],[-119.54896,37.80722],[-119.5512,37.80646],[-119.55292,37.80633],[-119.55461,37.80594],[-119.55571,37.80586],[-119.56676,37.80758],[-119.56815,37.80803],[-119.56962,37.80871],[-119.57199,37.81036],[-119.57323,37.81169],[-119.5745,37.81384],[-119.57513,37.81442],[-119.57571,37.81463],[-119.57644,37.81467],[-119.57797,37.8141],[-119.57907,37.81402],[-119.57978,37.81427],[-119.58026,37.81465],[-119.58056,37.81546],[-119.58034,37.8162],[-119.57896,37.81729],[-119.57825,37.81811],[-119.57805,37.81915],[-119.57825,37.81986],[-119.5788,37.82053],[-119.57942,37.82096],[-119.58047,37.82139],[-119.58096,37.82194],[-119.58096,37.82276],[-119.58013,37.82392],[-119.58001,37.82446],[-119.5802,37.82509],[-119.58127,37.82644],[-119.58146,37.82763],[-119.58123,37.82837],[-119.57838,37.83216],[-119.57792,37.83364],[-119.57808,37.83611],[-119.57781,37.83724],[-119.57725,37.83826],[-119.5737,37.84324],[-119.57308,37.84541],[-119.57175,37.84829],[-119.57174,37.84929],[-119.57207,37.85012],[-119.57313,37.85128],[-119.57468,37.85192],[-119.57717,37.85232],[-119.57813,37.8522],[-119.57888,37.85186],[-119.58091,37.8499],[-119.58312,37.84884],[-119.58469,37.84754],[-119.58647,37.84682],[-119.5874,37.84617],[-119.5882,37.84526],[-119.5887,37.84427],[-119.58891,37.84326],[-119.58889,37.84156],[-119.58954,37.83994],[-119.59035,37.83942],[-119.59234,37.83904],[-119.59312,37.8393],[-119.59365,37.83988],[-119.59384,37.84146],[-119.59499,37.84335],[-119.59515,37.8441],[-119.59488,37.84565],[-119.59501,37.84636],[-119.5964,37.84825],[-119.59718,37.84873],[-119.59812,37.84883],[-119.60017,37.8483],[-119.60161,37.84833],[-119.60286,37.84879],[-119.60448,37.84995],[-119.60558,37.85021],[-119.60786,37.84988],[-119.61031,37.84883],[-119.61113,37.84872],[-119.61171,37.84886],[-119.61518,37.85046],[-119.61568,37.85055],[-119.61651,37.85041],[-119.61815,37.84952],[-119.6195,37.84912],[-119.62091,37.84899],[-119.62223,37.84912],[-119.62736,37.85016],[-119.63259,37.85221],[-119.63553,37.85371],[-119.6393,37.85618],[-119.64104,37.85699],[-119.64346,37.85764],[-119.64416,37.85768],[-119.64526,37.8575],[-119.64622,37.85701],[-119.64812,37.85546],[-119.64959,37.8539],[-119.65086,37.85284],[-119.65195,37.8511],[-119.65255,37.85061],[-119.65337,37.85023],[-119.65547,37.84976],[-119.65715,37.84984],[-119.65838,37.85026],[-119.66017,37.85139],[-119.66163,37.85158],[-119.66253,37.85143],[-119.66469,37.85039],[-119.66553,37.85013],[-119.67055,37.85008],[-119.67202,37.84968],[-119.67832,37.84579],[-119.684,37.84198],[-119.68688,37.83952],[-119.68798,37.839],[-119.6903,37.83827],[-119.6926,37.83613],[-119.69866,37.83224],[-119.69959,37.83187],[-119.70104,37.83158],[-119.70172,37.83122],[-119.7021,37.83076],[-119.70224,37.83028],[-119.70177,37.82625],[-119.70186,37.82553],[-119.70278,37.82362],[-119.70437,37.82204],[-119.70524,37.82138],[-119.706,37.82108],[-119.70967,37.82057],[-119.71175,37.82005],[-119.71333,37.82003],[-119.7139,37.81977],[-119.71425,37.81937],[-119.7142,37.81851],[-119.71286,37.81709],[-119.71249,37.8161],[-119.71268,37.81407],[-119.71342,37.81302],[-119.71316,37.81181],[-119.71323,37.81112],[-119.71551,37.80738],[-119.71765,37.80291],[-119.71808,37.8018],[-119.71871,37.79908],[-119.72042,37.79693],[-119.72125,37.79494],[-119.7241,37.78994],[-119.72492,37.78937],[-119.72623,37.78889],[-119.72715,37.78872],[-119.72846,37.78877],[-119.73023,37.7893],[-119.73123,37.78944],[-119.73423,37.78916],[-119.73533,37.78885],[-119.73843,37.78685],[-119.7404,37.78482],[-119.74412,37.78306],[-119.74644,37.78213],[-119.74745,37.78148],[-119.7484,37.78034],[-119.74888,37.77846],[-119.7493,37.77764],[-119.74982,37.77712],[-119.75103,37.77638],[-119.75239,37.7753],[-119.75407,37.77472],[-119.75584,37.77483],[-119.75665,37.77462],[-119.75859,37.77308],[-119.76165,37.77178],[-119.76219,37.77125],[-119.76276,37.77027],[-119.76362,37.76973],[-119.76461,37.7696],[-119.76894,37.76989],[-119.7699,37.76967],[-119.77097,37.76907],[-119.7727,37.76757],[-119.77413,37.76587],[-119.7745,37.76492],[-119.77491,37.76237],[-119.77474,37.76167],[-119.77428,37.76115],[-119.77371,37.76086],[-119.77255,37.76064],[-119.77187,37.76035],[-119.77083,37.75958],[-119.76986,37.75846],[-119.76979,37.75798],[-119.76996,37.75756],[-119.7719,37.75557],[-119.77261,37.7553],[-119.77352,37.75536],[-119.77694,37.75656],[-119.77769,37.75728],[-119.77848,37.75909],[-119.77928,37.75944],[-119.7798,37.75935],[-119.78139,37.75857],[-119.78535,37.75705],[-119.78643,37.75721],[-119.78821,37.75853],[-119.78912,37.75864],[-119.78959,37.75838],[-119.79064,37.75715],[-119.79111,37.75691],[-119.79159,37.75687],[-119.79217,37.75701],[-119.79352,37.75781],[-119.79413,37.75896],[-119.79459,37.75937],[-119.79569,37.75959],[-119.79775,37.75969],[-119.79968,37.76098],[-119.80081,37.7612],[-119.80159,37.76108],[-119.80299,37.76033],[-119.80463,37.75916],[-119.80496,37.7587],[-119.80482,37.75812],[-119.80373,37.75724],[-119.80271,37.75583],[-119.80191,37.75516],[-119.80055,37.75438],[-119.79791,37.75326],[-119.79756,37.75248],[-119.79627,37.75232],[-119.7931,37.75052],[-119.79214,37.75029],[-119.7911,37.75034],[-119.78635,37.75189],[-119.78548,37.75187],[-119.78447,37.75152],[-119.78323,37.75041],[-119.78202,37.74966],[-119.78178,37.74877],[-119.78146,37.74833],[-119.78105,37.74809],[-119.77977,37.74777],[-119.77859,37.7466],[-119.77718,37.74637],[-119.77669,37.74607],[-119.77627,37.74476],[-119.77543,37.74371],[-119.77478,37.74238],[-119.77314,37.73995],[-119.77256,37.73954],[-119.76928,37.73935],[-119.76788,37.73964],[-119.76547,37.73964],[-119.76465,37.74007],[-119.76402,37.74142],[-119.76376,37.74167],[-119.76211,37.74264],[-119.75886,37.74377],[-119.75816,37.74375],[-119.7575,37.74351],[-119.75693,37.7429],[-119.75685,37.74217],[-119.7571,37.74169],[-119.75845,37.74057],[-119.75909,37.7398],[-119.75911,37.73916],[-119.7585,37.73834],[-119.7584,37.73787],[-119.75891,37.73697],[-119.75896,37.73573],[-119.75965,37.73423],[-119.76068,37.73314],[-119.76059,37.73242],[-119.76007,37.73205],[-119.75955,37.73198],[-119.75719,37.73271],[-119.75627,37.73254],[-119.75584,37.73194],[-119.75641,37.73005],[-119.75633,37.72952],[-119.756,37.7291],[-119.75537,37.72876],[-119.75473,37.7287],[-119.75403,37.72889],[-119.75295,37.7295],[-119.75204,37.72939],[-119.75164,37.72897],[-119.75064,37.72696],[-119.7501,37.7263],[-119.74686,37.72381],[-119.74376,37.72073],[-119.74158,37.71881],[-119.73944,37.7164],[-119.73589,37.71429],[-119.73503,37.71408],[-119.73335,37.71402],[-119.73145,37.71351],[-119.72842,37.71363],[-119.72758,37.71386],[-119.72687,37.71431],[-119.72573,37.71581],[-119.72463,37.71658],[-119.72368,37.71701],[-119.72311,37.71754],[-119.71894,37.72284],[-119.71828,37.72482],[-119.71788,37.7254],[-119.71495,37.72745],[-119.71416,37.72773],[-119.71212,37.72754],[-119.71083,37.72791],[-119.70902,37.72779],[-119.7086,37.72759],[-119.70786,37.7267],[-119.70729,37.72631],[-119.70528,37.72543],[-119.703,37.72525],[-119.70038,37.7237],[-119.69892,37.72333],[-119.69693,37.72331],[-119.69508,37.72287],[-119.69414,37.72238],[-119.69292,37.72205],[-119.69204,37.72156],[-119.69148,37.72158],[-119.69029,37.72199],[-119.68945,37.72197],[-119.68691,37.72114],[-119.68496,37.72001],[-119.68371,37.71957],[-119.68272,37.71944],[-119.68239,37.71916],[-119.68123,37.71897],[-119.67985,37.71902],[-119.6787,37.71876],[-119.67632,37.71883],[-119.6736,37.71789],[-119.67151,37.71819],[-119.67025,37.71815],[-119.66857,37.71747],[-119.66643,37.717],[-119.66605,37.71622],[-119.66541,37.71585],[-119.66471,37.71479],[-119.66386,37.7146],[-119.66065,37.71522],[-119.65865,37.71631],[-119.65762,37.71669],[-119.65653,37.7167],[-119.6523,37.71753],[-119.65158,37.71795],[-119.64982,37.71972],[-119.64741,37.72101],[-119.64519,37.72094],[-119.64389,37.7212],[-119.64258,37.72178],[-119.64209,37.72185],[-119.64005,37.7212],[-119.6367,37.72062],[-119.63532,37.72018],[-119.63305,37.71982],[-119.63226,37.71991],[-119.62843,37.72089],[-119.62412,37.72172],[-119.62071,37.72259],[-119.61981,37.72294],[-119.61796,37.72405],[-119.61529,37.72514],[-119.61331,37.72571],[-119.61172,37.72595],[-119.60945,37.72673],[-119.6069,37.7282],[-119.60593,37.72994],[-119.60446,37.73188],[-119.60369,37.73262],[-119.60164,37.73411],[-119.60032,37.73538],[-119.59861,37.73666],[-119.59354,37.73982],[-119.59204,37.74131],[-119.59133,37.74236],[-119.59036,37.74311],[-119.58905,37.74305],[-119.58773,37.74252],[-119.58621,37.74246],[-119.58269,37.74161],[-119.58177,37.74119],[-119.57978,37.74065],[-119.57816,37.73936],[-119.57728,37.73894],[-119.57308,37.73962],[-119.57184,37.73844],[-119.57083,37.73811],[-119.57047,37.73831],[-119.57043,37.73975],[-119.56816,37.73936],[-119.56713,37.73838],[-119.56555,37.73921],[-119.56458,37.73864],[-119.56428,37.73825],[-119.56416,37.73712],[-119.56364,37.73619],[-119.56342,37.736],[-119.56269,37.73583]]}},
{"type":"Feature","properties":{"id":"d09b","tipo":"planoB","dia":9,"km":762.5,"horas":10.4,"pontos":["furnace_creek","badwater","ridgecrest","bakersfield","oakhurst","wawona","upper_pines"],"trechos":[{"de":"furnace_creek","para":"badwater","km":29.9,"min":30},{"de":"badwater","para":"ridgecrest","km":223.5,"min":182},{"de":"ridgecrest","para":"bakersfield","km":183.5,"min":139},{"de":"bakersfield","para":"oakhurst","km":248.1,"min":180},{"de":"oakhurst","para":"wawona","km":32.6,"min":34},{"de":"wawona","para":"upper_pines","km":44.8,"min":56}],"obs":"Plano B se a Tioga Road estiver fechada: Trona, Ridgecrest, Tehachapi (CA-58), Bakersfield, CA-99 e CA-41 por Oakhurst e Wawona. Mais de 10 h ao volante (de motorhome, mais): pensar em pernoite no caminho."},"geometry":{"type":"LineString","coordinates":[[-116.87007,36.46352],[-116.87022,36.46357],[-116.87016,36.46371],[-116.86981,36.46392],[-116.86849,36.46352],[-116.86864,36.46453],[-116.86893,36.46505],[-116.86875,36.46538],[-116.86627,36.46631],[-116.8656,36.46442],[-116.86555,36.46181],[-116.86501,36.45588],[-116.8646,36.4545],[-116.8638,36.4531],[-116.86208,36.45133],[-116.86035,36.45026],[-116.85452,36.44832],[-116.85365,36.44825],[-116.85277,36.4484],[-116.85175,36.44714],[-116.85139,36.44452],[-116.85152,36.44158],[-116.85214,36.43964],[-116.85146,36.43778],[-116.85124,36.43313],[-116.85144,36.43242],[-116.85213,36.43146],[-116.85218,36.43068],[-116.85001,36.4278],[-116.84913,36.42614],[-116.84595,36.41367],[-116.84555,36.41039],[-116.84566,36.4088],[-116.84811,36.39221],[-116.84843,36.39165],[-116.85034,36.3895],[-116.85226,36.38614],[-116.85239,36.38489],[-116.83213,36.33387],[-116.82998,36.3299],[-116.80027,36.27895],[-116.79925,36.27782],[-116.79827,36.27704],[-116.79021,36.27254],[-116.78847,36.27133],[-116.78713,36.27014],[-116.78438,36.26687],[-116.77494,36.2546],[-116.77388,36.25217],[-116.77183,36.24159],[-116.77148,36.24053],[-116.7709,36.23946],[-116.76601,36.23224],[-116.76593,36.23163],[-116.7661,36.23094],[-116.76716,36.22958],[-116.7661,36.23094],[-116.76593,36.23163],[-116.76601,36.23224],[-116.7709,36.23946],[-116.77148,36.24053],[-116.77183,36.24159],[-116.77388,36.25217],[-116.77494,36.2546],[-116.78438,36.26687],[-116.78713,36.27014],[-116.78847,36.27133],[-116.79021,36.27254],[-116.79827,36.27704],[-116.79925,36.27782],[-116.80027,36.27895],[-116.83144,36.33247],[-116.83255,36.33485],[-116.85229,36.38456],[-116.85244,36.38544],[-116.85209,36.38647],[-116.85017,36.38977],[-116.84843,36.39165],[-116.84811,36.39221],[-116.84566,36.4088],[-116.84555,36.41039],[-116.84595,36.41367],[-116.84913,36.42614],[-116.85001,36.4278],[-116.85218,36.43068],[-116.85213,36.43146],[-116.85144,36.43242],[-116.85124,36.43313],[-116.85146,36.43778],[-116.85214,36.43964],[-116.85152,36.44158],[-116.85139,36.44452],[-116.85171,36.44697],[-116.85205,36.44762],[-116.85277,36.4484],[-116.85365,36.44825],[-116.85484,36.44841],[-116.85977,36.45],[-116.86119,36.45073],[-116.86306,36.45221],[-116.86391,36.45324],[-116.8646,36.4545],[-116.86511,36.4565],[-116.86564,36.46467],[-116.86684,36.46793],[-116.86717,36.47153],[-116.86852,36.47828],[-116.86907,36.47962],[-116.87089,36.48145],[-116.87137,36.48241],[-116.87136,36.48315],[-116.87109,36.48375],[-116.8686,36.48655],[-116.86844,36.4872],[-116.86855,36.48791],[-116.86944,36.48988],[-116.87402,36.49598],[-116.8747,36.49711],[-116.87525,36.49882],[-116.87544,36.50167],[-116.87582,36.50288],[-116.87791,36.50594],[-116.88129,36.51215],[-116.88177,36.51351],[-116.88191,36.5147],[-116.88144,36.51752],[-116.88146,36.51882],[-116.88249,36.52297],[-116.88284,36.52576],[-116.88289,36.52773],[-116.88256,36.53099],[-116.88285,36.53297],[-116.88348,36.5347],[-116.88555,36.54212],[-116.88676,36.54395],[-116.88953,36.54667],[-116.89144,36.5494],[-116.8922,36.55101],[-116.8929,36.5542],[-116.89371,36.55586],[-116.89444,36.55678],[-116.89532,36.55744],[-116.90037,36.55946],[-116.90433,36.56141],[-116.90567,36.56227],[-116.9078,36.5645],[-116.90886,36.56717],[-116.90947,36.56816],[-116.91138,36.56982],[-116.91392,36.57078],[-116.91727,36.57256],[-116.92277,36.57411],[-116.92724,36.57607],[-116.92905,36.57734],[-116.9323,36.581],[-116.93465,36.58309],[-116.93636,36.58424],[-116.93959,36.58581],[-116.94191,36.58748],[-116.9428,36.58786],[-116.94589,36.58862],[-116.9495,36.58981],[-116.95081,36.5904],[-116.95323,36.59185],[-116.95473,36.59246],[-116.96497,36.59468],[-116.96867,36.59601],[-116.97154,36.59743],[-116.97525,36.59999],[-116.98071,36.60488],[-116.99445,36.61539],[-117.00506,36.62435],[-117.00622,36.62509],[-117.00759,36.6257],[-117.01296,36.62709],[-117.01665,36.62874],[-117.02402,36.6338],[-117.02902,36.63897],[-117.03042,36.63969],[-117.03151,36.63996],[-117.03252,36.64004],[-117.03387,36.63992],[-117.03569,36.63927],[-117.06778,36.61789],[-117.07445,36.61528],[-117.07552,36.61472],[-117.07896,36.61235],[-117.08107,36.61175],[-117.08222,36.61124],[-117.09349,36.60217],[-117.09519,36.60137],[-117.09658,36.60117],[-117.09825,36.60136],[-117.10496,36.60417],[-117.10751,36.60481],[-117.11058,36.60533],[-117.11276,36.60551],[-117.11701,36.60553],[-117.11902,36.6052],[-117.12567,36.60364],[-117.12707,36.60353],[-117.12891,36.60389],[-117.13483,36.60656],[-117.1363,36.60703],[-117.14278,36.60794],[-117.14393,36.60786],[-117.14521,36.6075],[-117.14614,36.607],[-117.14743,36.60597],[-117.1491,36.60393],[-117.19638,36.56655],[-117.19863,36.56446],[-117.20023,36.56226],[-117.21912,36.52954],[-117.22281,36.5195],[-117.22372,36.51481],[-117.22419,36.50878],[-117.22676,36.49893],[-117.22704,36.49497],[-117.22944,36.48708],[-117.23459,36.47162],[-117.23516,36.46936],[-117.23613,36.46382],[-117.24197,36.45143],[-117.2439,36.44625],[-117.24725,36.44057],[-117.24919,36.43771],[-117.24992,36.43592],[-117.25115,36.43415],[-117.25303,36.4326],[-117.2585,36.42962],[-117.26058,36.42876],[-117.26167,36.42793],[-117.26232,36.42728],[-117.26376,36.42508],[-117.26575,36.42301],[-117.2659,36.42266],[-117.2659,36.42167],[-117.26655,36.4203],[-117.26766,36.41968],[-117.26932,36.41991],[-117.27037,36.41957],[-117.27418,36.41465],[-117.27523,36.41158],[-117.27685,36.40801],[-117.2787,36.40546],[-117.27967,36.40241],[-117.283,36.384],[-117.28333,36.38275],[-117.28459,36.3795],[-117.28524,36.37646],[-117.28566,36.37406],[-117.28579,36.37053],[-117.28701,36.36815],[-117.28701,36.36725],[-117.2863,36.36537],[-117.28642,36.36435],[-117.28825,36.36196],[-117.28863,36.36105],[-117.28894,36.35944],[-117.28933,36.35877],[-117.29005,36.35811],[-117.29214,36.3571],[-117.29276,36.35663],[-117.29344,36.35577],[-117.29449,36.35326],[-117.29502,36.35245],[-117.29856,36.35011],[-117.30101,36.3472],[-117.30174,36.34683],[-117.3026,36.34664],[-117.30351,36.34669],[-117.30606,36.34721],[-117.30697,36.34711],[-117.30764,36.34686],[-117.3086,36.34605],[-117.30932,36.34415],[-117.30978,36.34338],[-117.31068,36.34273],[-117.31184,36.34244],[-117.31299,36.34254],[-117.31405,36.34305],[-117.31589,36.34536],[-117.3171,36.34609],[-117.32583,36.34793],[-117.3286,36.34803],[-117.33549,36.34873],[-117.33683,36.34844],[-117.33928,36.34725],[-117.34227,36.34625],[-117.34916,36.34464],[-117.35034,36.34464],[-117.35264,36.34503],[-117.35388,36.34506],[-117.35965,36.34393],[-117.42365,36.3395],[-117.39679,36.30712],[-117.37695,36.28598],[-117.35869,36.26559],[-117.35767,36.26347],[-117.34788,36.23411],[-117.34164,36.2219],[-117.33864,36.20962],[-117.33567,36.20324],[-117.33019,36.19443],[-117.32719,36.1905],[-117.32572,36.18914],[-117.31353,36.18221],[-117.31175,36.18103],[-117.30384,36.17053],[-117.30249,36.16954],[-117.30028,36.16898],[-117.30055,36.16703],[-117.30039,36.16524],[-117.27939,36.04663],[-117.27946,36.04449],[-117.28127,36.03471],[-117.28235,36.03253],[-117.28417,36.03075],[-117.28613,36.0297],[-117.28768,36.02922],[-117.30322,36.02743],[-117.3065,36.02655],[-117.31721,36.02136],[-117.32102,36.01975],[-117.32648,36.0154],[-117.32717,36.01466],[-117.3302,36.0101],[-117.33326,36.00273],[-117.33417,36.00107],[-117.34415,35.98707],[-117.34482,35.98554],[-117.34596,35.98189],[-117.34606,35.98032],[-117.34569,35.97786],[-117.34533,35.97702],[-117.34391,35.97589],[-117.34059,35.9725],[-117.33952,35.97234],[-117.33921,35.97205],[-117.33934,35.97161],[-117.34041,35.97126],[-117.34066,35.97093],[-117.33953,35.96914],[-117.33978,35.96871],[-117.34078,35.96845],[-117.34109,35.96803],[-117.34071,35.96687],[-117.3408,35.96538],[-117.34065,35.96473],[-117.33907,35.96308],[-117.33544,35.96116],[-117.3352,35.96067],[-117.33494,35.95926],[-117.33333,35.95728],[-117.33271,35.9555],[-117.33267,35.95459],[-117.33285,35.95398],[-117.33611,35.94688],[-117.3363,35.9455],[-117.33009,35.92272],[-117.32975,35.92088],[-117.33734,35.83415],[-117.33761,35.83276],[-117.34285,35.81504],[-117.34427,35.81075],[-117.36062,35.78787],[-117.36444,35.78323],[-117.37324,35.75949],[-117.37369,35.75896],[-117.37441,35.75849],[-117.37787,35.75765],[-117.38312,35.75476],[-117.38978,35.74906],[-117.39037,35.74889],[-117.39256,35.7488],[-117.39329,35.7484],[-117.39441,35.74748],[-117.39566,35.7459],[-117.40021,35.73688],[-117.40093,35.73517],[-117.40156,35.73307],[-117.4018,35.73154],[-117.40112,35.72048],[-117.39903,35.7149],[-117.3977,35.71051],[-117.39588,35.70737],[-117.39573,35.70467],[-117.39476,35.70293],[-117.39389,35.7019],[-117.39246,35.70087],[-117.39158,35.70041],[-117.38508,35.69854],[-117.38386,35.69782],[-117.383,35.69671],[-117.38276,35.69548],[-117.38316,35.68789],[-117.38396,35.68535],[-117.3858,35.68415],[-117.41598,35.67063],[-117.41853,35.66971],[-117.42438,35.6685],[-117.42527,35.66816],[-117.42659,35.6671],[-117.42797,35.66405],[-117.4285,35.66338],[-117.42935,35.66274],[-117.43511,35.66006],[-117.44699,35.65551],[-117.44835,35.65536],[-117.45319,35.65584],[-117.45452,35.65562],[-117.4566,35.65475],[-117.45757,35.65457],[-117.46066,35.65477],[-117.46184,35.6547],[-117.46309,35.65427],[-117.46738,35.65161],[-117.47418,35.64945],[-117.48317,35.64903],[-117.50709,35.64736],[-117.5426,35.6434],[-117.56287,35.63916],[-117.56946,35.63714],[-117.57224,35.63608],[-117.59558,35.62344],[-117.59703,35.62289],[-117.5986,35.62262],[-117.64803,35.62249],[-117.67111,35.62256],[-117.67103,35.62249],[-117.66985,35.62246],[-117.66977,35.64915],[-117.66986,35.64968],[-117.67077,35.65071],[-117.67178,35.65137],[-117.67184,35.65166],[-117.79174,35.65211],[-117.79751,35.65197],[-117.79977,35.65168],[-117.80214,35.65104],[-117.81047,35.64716],[-117.81212,35.64695],[-117.81613,35.64697],[-117.81693,35.64684],[-117.82034,35.64502],[-117.82136,35.6447],[-117.86697,35.64443],[-117.86959,35.64395],[-117.88001,35.64037],[-117.88088,35.64033],[-117.8828,35.64094],[-117.90599,35.59585],[-117.97524,35.4425],[-117.97732,35.43884],[-117.97863,35.43564],[-117.97911,35.43269],[-117.97876,35.4224],[-117.97893,35.42067],[-117.98534,35.39969],[-117.9855,35.39807],[-117.98504,35.38805],[-117.98479,35.38543],[-117.98444,35.38418],[-117.98386,35.38319],[-117.98125,35.38012],[-117.9807,35.3786],[-117.98071,35.37775],[-117.98159,35.37455],[-117.98203,35.36484],[-117.98185,35.36347],[-117.98102,35.36207],[-117.97756,35.35868],[-117.97398,35.35268],[-117.97279,35.35102],[-117.97242,35.34995],[-117.97232,35.34776],[-117.971,35.34527],[-117.97075,35.34391],[-117.971,35.3427],[-117.97256,35.33983],[-117.98117,35.3186],[-117.98231,35.31685],[-117.99087,35.30832],[-118.01201,35.29072],[-118.01659,35.28736],[-118.02134,35.28341],[-118.03273,35.27127],[-118.03387,35.26958],[-118.03473,35.26787],[-118.05374,35.21609],[-118.05514,35.21357],[-118.09635,35.16063],[-118.10148,35.15465],[-118.10843,35.14578],[-118.14319,35.1006],[-118.14414,35.10107],[-118.14486,35.10124],[-118.14823,35.10122],[-118.14953,35.10149],[-118.16726,35.1096],[-118.17105,35.11119],[-118.17613,35.11297],[-118.18184,35.1145],[-118.18649,35.11542],[-118.19217,35.11615],[-118.22145,35.11825],[-118.22373,35.11803],[-118.22631,35.1173],[-118.2484,35.10718],[-118.25392,35.10553],[-118.25767,35.10497],[-118.26587,35.10512],[-118.27139,35.10457],[-118.2879,35.10077],[-118.30168,35.09737],[-118.30378,35.09724],[-118.30531,35.09754],[-118.30673,35.09822],[-118.30796,35.09933],[-118.30958,35.10165],[-118.31079,35.10275],[-118.32025,35.10915],[-118.32125,35.10967],[-118.32274,35.11016],[-118.32477,35.11042],[-118.34801,35.11044],[-118.35083,35.11063],[-118.35299,35.11105],[-118.36687,35.11496],[-118.37704,35.11538],[-118.37902,35.11567],[-118.40637,35.12294],[-118.40822,35.12373],[-118.40983,35.12503],[-118.41073,35.1263],[-118.41201,35.12909],[-118.41279,35.12998],[-118.41401,35.13088],[-118.43352,35.13934],[-118.43507,35.1397],[-118.43623,35.13981],[-118.45981,35.13987],[-118.46572,35.14083],[-118.46686,35.14123],[-118.46777,35.14175],[-118.46896,35.14291],[-118.46968,35.14445],[-118.46975,35.14583],[-118.46929,35.14861],[-118.46953,35.14993],[-118.4701,35.151],[-118.4734,35.15584],[-118.4737,35.15662],[-118.47383,35.16106],[-118.47324,35.16415],[-118.47371,35.16804],[-118.47442,35.16919],[-118.47727,35.17209],[-118.47925,35.17384],[-118.48101,35.17652],[-118.48195,35.17744],[-118.48367,35.17839],[-118.48631,35.17946],[-118.48903,35.18122],[-118.49017,35.1815],[-118.49526,35.18213],[-118.50014,35.18432],[-118.50337,35.18649],[-118.50538,35.18923],[-118.506,35.18982],[-118.51962,35.19909],[-118.53001,35.20367],[-118.53528,35.20768],[-118.54115,35.20998],[-118.5508,35.21491],[-118.55158,35.21556],[-118.55399,35.21841],[-118.5589,35.22185],[-118.5608,35.22249],[-118.56556,35.22312],[-118.56703,35.22378],[-118.56785,35.22459],[-118.56821,35.22531],[-118.56855,35.22913],[-118.56913,35.23043],[-118.56997,35.23122],[-118.57389,35.23326],[-118.5748,35.23394],[-118.57558,35.23502],[-118.57722,35.23804],[-118.578,35.23882],[-118.57932,35.23948],[-118.58592,35.24054],[-118.58757,35.24109],[-118.58843,35.24179],[-118.59011,35.24397],[-118.5926,35.24569],[-118.59467,35.24798],[-118.59568,35.24848],[-118.60078,35.24972],[-118.60181,35.25013],[-118.60414,35.2518],[-118.60845,35.25536],[-118.60972,35.25595],[-118.61145,35.25627],[-118.61244,35.25665],[-118.61511,35.25872],[-118.61791,35.26026],[-118.62009,35.26177],[-118.62088,35.26215],[-118.62826,35.26386],[-118.63504,35.26373],[-118.63888,35.26291],[-118.64033,35.26281],[-118.64187,35.26294],[-118.64504,35.26366],[-118.64641,35.26383],[-118.65916,35.26437],[-118.66188,35.26493],[-118.67746,35.26949],[-118.68004,35.26989],[-118.68542,35.27017],[-118.68792,35.27003],[-118.68954,35.26971],[-118.69295,35.26861],[-118.69464,35.26838],[-118.69654,35.26841],[-118.6985,35.26886],[-118.69984,35.26943],[-118.71078,35.27585],[-118.71229,35.27656],[-118.71406,35.27723],[-118.71581,35.27769],[-118.71985,35.27829],[-118.72177,35.27872],[-118.72424,35.27959],[-118.73411,35.28508],[-118.76341,35.29684],[-118.76683,35.29844],[-118.76939,35.30013],[-118.79963,35.32629],[-118.80087,35.32721],[-118.80279,35.32832],[-118.80647,35.32963],[-118.86221,35.34304],[-118.87984,35.34594],[-118.89623,35.35067],[-118.8986,35.35121],[-118.90061,35.35146],[-118.91309,35.35238],[-118.91762,35.35254],[-118.95037,35.35239],[-118.96539,35.35318],[-118.96927,35.35307],[-118.97398,35.35265],[-118.97669,35.35255],[-119.01159,35.35263],[-119.01333,35.35265],[-119.01689,35.35297],[-119.01887,35.35296],[-119.01878,35.37324],[-119.01646,35.37324],[-119.01646,35.3734],[-119.01878,35.3734],[-119.01871,35.38629],[-119.01828,35.38678],[-119.01834,35.38715],[-119.01863,35.38733],[-119.01915,35.38731],[-119.0221,35.38895],[-119.03588,35.39931],[-119.03821,35.40064],[-119.04388,35.4033],[-119.04645,35.40499],[-119.05531,35.41274],[-119.05872,35.41595],[-119.0599,35.41798],[-119.06121,35.42243],[-119.06205,35.4238],[-119.06319,35.42499],[-119.06445,35.42583],[-119.06851,35.42779],[-119.0698,35.42867],[-119.07119,35.42986],[-119.07492,35.434],[-119.08424,35.44164],[-119.08665,35.44311],[-119.09145,35.44516],[-119.09428,35.44689],[-119.15704,35.49419],[-119.1597,35.49631],[-119.16314,35.49958],[-119.16551,35.50116],[-119.16811,35.50263],[-119.17177,35.50548],[-119.17507,35.50844],[-119.17984,35.51341],[-119.18245,35.51658],[-119.18443,35.51933],[-119.18559,35.52107],[-119.18788,35.5251],[-119.18941,35.5295],[-119.19166,35.53365],[-119.1928,35.53655],[-119.19683,35.554],[-119.19699,35.55733],[-119.19724,35.5587],[-119.19914,35.56351],[-119.20408,35.58407],[-119.20419,35.58584],[-119.20395,35.58853],[-119.20433,35.59046],[-119.20491,35.59145],[-119.20837,35.59444],[-119.20926,35.59543],[-119.20971,35.59628],[-119.21007,35.59757],[-119.21156,35.60385],[-119.21208,35.61431],[-119.21832,35.6409],[-119.21977,35.64434],[-119.22028,35.64621],[-119.22055,35.65025],[-119.22089,35.65199],[-119.22499,35.66953],[-119.22677,35.67541],[-119.22844,35.68263],[-119.22897,35.68635],[-119.23502,35.7125],[-119.23674,35.71668],[-119.23724,35.71837],[-119.23784,35.72439],[-119.24221,35.74308],[-119.24272,35.7446],[-119.24797,35.75708],[-119.25236,35.77583],[-119.25314,35.77948],[-119.25312,35.78094],[-119.25262,35.78263],[-119.25046,35.78665],[-119.25018,35.78788],[-119.25028,35.78932],[-119.25083,35.79069],[-119.25286,35.79347],[-119.25331,35.79479],[-119.25822,35.8159],[-119.25842,35.8177],[-119.25848,35.82521],[-119.25862,35.82646],[-119.26085,35.83629],[-119.26145,35.83793],[-119.26351,35.84111],[-119.2645,35.8432],[-119.2703,35.86799],[-119.2706,35.871],[-119.27022,35.87606],[-119.27047,35.87806],[-119.27349,35.89085],[-119.27435,35.89277],[-119.27621,35.89598],[-119.27688,35.89757],[-119.28182,35.91803],[-119.28201,35.92004],[-119.28169,35.92562],[-119.2819,35.92785],[-119.28266,35.93031],[-119.28585,35.93639],[-119.28647,35.9382],[-119.29091,35.95764],[-119.29094,35.9593],[-119.29042,35.96191],[-119.29037,35.96337],[-119.29194,35.97065],[-119.29262,35.97233],[-119.29477,35.97552],[-119.29544,35.97716],[-119.30124,36.00251],[-119.30174,36.00743],[-119.30316,36.01165],[-119.30561,36.02236],[-119.30662,36.02599],[-119.31116,36.046],[-119.31131,36.04837],[-119.31084,36.0519],[-119.31084,36.05367],[-119.3127,36.06243],[-119.31324,36.06406],[-119.31682,36.07183],[-119.31747,36.0736],[-119.3217,36.09224],[-119.32217,36.09557],[-119.32553,36.13238],[-119.32606,36.13485],[-119.33184,36.15417],[-119.33239,36.15732],[-119.33242,36.15978],[-119.33223,36.16153],[-119.32878,36.1785],[-119.32847,36.18205],[-119.32847,36.21094],[-119.32876,36.21328],[-119.3293,36.21566],[-119.33034,36.21852],[-119.33144,36.22074],[-119.33292,36.22309],[-119.36043,36.2605],[-119.36316,36.26577],[-119.36632,36.26966],[-119.36901,36.27343],[-119.38194,36.29304],[-119.38439,36.29796],[-119.3855,36.2995],[-119.3883,36.30271],[-119.39168,36.30783],[-119.3928,36.30998],[-119.3943,36.31429],[-119.3956,36.31633],[-119.39669,36.31765],[-119.398,36.31889],[-119.39941,36.31998],[-119.40266,36.32208],[-119.40462,36.32384],[-119.42624,36.3496],[-119.4271,36.3512],[-119.42783,36.35329],[-119.42872,36.361],[-119.42934,36.363],[-119.43034,36.36494],[-119.4817,36.44284],[-119.48378,36.44532],[-119.48874,36.45004],[-119.49032,36.45204],[-119.49164,36.45472],[-119.4931,36.45975],[-119.49381,36.46125],[-119.50656,36.48055],[-119.50955,36.48425],[-119.51021,36.48494],[-119.51151,36.48589],[-119.52551,36.49432],[-119.5346,36.49841],[-119.5386,36.50052],[-119.54242,36.50297],[-119.54958,36.50793],[-119.55743,36.51484],[-119.57251,36.52708],[-119.61064,36.55938],[-119.73223,36.67042],[-119.76497,36.69777],[-119.78031,36.71339],[-119.78324,36.71668],[-119.78424,36.71819],[-119.78503,36.72068],[-119.78527,36.72229],[-119.78515,36.72366],[-119.78477,36.72512],[-119.78413,36.72658],[-119.78242,36.72887],[-119.77972,36.73111],[-119.77868,36.73215],[-119.778,36.73315],[-119.77742,36.73466],[-119.77731,36.73584],[-119.77748,36.741],[-119.77726,36.74264],[-119.77629,36.74608],[-119.77528,36.76166],[-119.77567,36.76336],[-119.77651,36.76479],[-119.77776,36.76599],[-119.78135,36.76807],[-119.78272,36.76923],[-119.78409,36.77102],[-119.78483,36.77305],[-119.78495,36.77442],[-119.78413,36.78878],[-119.78431,36.79125],[-119.78507,36.79658],[-119.78518,36.79868],[-119.78524,36.81864],[-119.78489,36.82671],[-119.78482,36.84584],[-119.78513,36.84802],[-119.78581,36.85001],[-119.78713,36.85226],[-119.78977,36.85606],[-119.79091,36.8587],[-119.79132,36.86088],[-119.79173,36.86892],[-119.7923,36.87354],[-119.79274,36.88274],[-119.7924,36.90451],[-119.7929,36.91427],[-119.79378,36.91855],[-119.79399,36.92324],[-119.79392,37.01738],[-119.79345,37.02014],[-119.79274,37.02215],[-119.7917,37.02412],[-119.77944,37.04195],[-119.76937,37.06158],[-119.76626,37.06889],[-119.76548,37.07003],[-119.76345,37.07171],[-119.7626,37.07267],[-119.76203,37.07374],[-119.76115,37.07709],[-119.75802,37.08096],[-119.75762,37.08201],[-119.75723,37.08423],[-119.75467,37.08889],[-119.75371,37.09258],[-119.75311,37.09383],[-119.7525,37.09461],[-119.74889,37.09773],[-119.74765,37.09925],[-119.74688,37.10051],[-119.74617,37.10207],[-119.74575,37.10355],[-119.74385,37.11513],[-119.7435,37.11639],[-119.74282,37.11762],[-119.74211,37.11847],[-119.73861,37.12134],[-119.73774,37.12253],[-119.73729,37.12353],[-119.73411,37.1345],[-119.73151,37.15177],[-119.73167,37.15512],[-119.73155,37.15591],[-119.73123,37.15665],[-119.73056,37.15754],[-119.72829,37.15943],[-119.72776,37.16072],[-119.72768,37.1669],[-119.7288,37.17684],[-119.72896,37.17958],[-119.72882,37.18194],[-119.7282,37.18654],[-119.72766,37.18779],[-119.7268,37.1889],[-119.72258,37.19238],[-119.72201,37.19301],[-119.72149,37.19397],[-119.72129,37.19471],[-119.7214,37.19587],[-119.72298,37.20009],[-119.72288,37.20153],[-119.72217,37.20278],[-119.72125,37.20359],[-119.7203,37.2041],[-119.71625,37.20538],[-119.7146,37.20635],[-119.71025,37.21065],[-119.70928,37.21206],[-119.70855,37.2136],[-119.70808,37.21561],[-119.70763,37.22163],[-119.70766,37.23014],[-119.70755,37.23101],[-119.70662,37.23316],[-119.70637,37.23438],[-119.70639,37.23507],[-119.70737,37.23956],[-119.70754,37.24125],[-119.70711,37.24258],[-119.706,37.24425],[-119.70519,37.24589],[-119.70512,37.24721],[-119.70543,37.2497],[-119.7044,37.2527],[-119.70448,37.25534],[-119.70402,37.25656],[-119.70308,37.25808],[-119.70262,37.25963],[-119.70175,37.26092],[-119.7004,37.26182],[-119.69896,37.26235],[-119.69577,37.26287],[-119.69235,37.26389],[-119.6905,37.26406],[-119.68583,37.26382],[-119.68367,37.26387],[-119.67847,37.26436],[-119.67697,37.26484],[-119.67591,37.26567],[-119.67325,37.2693],[-119.67233,37.26998],[-119.66993,37.2711],[-119.66782,37.27249],[-119.66705,37.2734],[-119.66682,37.27479],[-119.66756,37.27726],[-119.66867,37.27987],[-119.66858,37.28063],[-119.66804,37.28143],[-119.66727,37.28191],[-119.66625,37.28216],[-119.66255,37.2815],[-119.6616,37.28158],[-119.66081,37.28184],[-119.66018,37.28221],[-119.65799,37.2842],[-119.65658,37.2852],[-119.64992,37.28893],[-119.64891,37.28984],[-119.64858,37.29035],[-119.64805,37.29172],[-119.648,37.29237],[-119.64871,37.29613],[-119.6488,37.30031],[-119.65026,37.30374],[-119.65146,37.30517],[-119.65423,37.3074],[-119.65612,37.30969],[-119.6563,37.31071],[-119.65553,37.31286],[-119.65586,37.31388],[-119.6572,37.31545],[-119.65851,37.31631],[-119.66005,37.31799],[-119.66096,37.31844],[-119.6626,37.31872],[-119.66319,37.31899],[-119.66379,37.31983],[-119.66377,37.32054],[-119.66004,37.32647],[-119.65556,37.33104],[-119.65427,37.33184],[-119.64689,37.33436],[-119.64616,37.33493],[-119.64245,37.34279],[-119.64209,37.3442],[-119.64239,37.34906],[-119.64338,37.3528],[-119.64402,37.35395],[-119.64358,37.35566],[-119.64362,37.35628],[-119.64504,37.36003],[-119.64504,37.36064],[-119.64475,37.36097],[-119.64352,37.36145],[-119.64292,37.36229],[-119.64238,37.36261],[-119.64036,37.36257],[-119.63906,37.36311],[-119.63682,37.3633],[-119.63523,37.36383],[-119.63385,37.36389],[-119.6326,37.36437],[-119.63154,37.36448],[-119.63097,37.36479],[-119.63065,37.36539],[-119.63063,37.36668],[-119.62956,37.36817],[-119.62933,37.36877],[-119.62941,37.36951],[-119.62997,37.37096],[-119.63003,37.37168],[-119.62703,37.37513],[-119.62646,37.37633],[-119.62625,37.37736],[-119.62631,37.37868],[-119.62679,37.38021],[-119.63016,37.38261],[-119.63044,37.38314],[-119.63058,37.38441],[-119.63175,37.38683],[-119.63234,37.38738],[-119.63404,37.38803],[-119.6346,37.38842],[-119.6349,37.38895],[-119.63509,37.39002],[-119.635,37.3904],[-119.63428,37.39136],[-119.63443,37.39247],[-119.63381,37.39471],[-119.63355,37.39508],[-119.63275,37.39561],[-119.63244,37.39609],[-119.63247,37.39669],[-119.63287,37.39745],[-119.63284,37.39786],[-119.63115,37.40028],[-119.63103,37.40173],[-119.62953,37.40419],[-119.62941,37.40505],[-119.62996,37.40878],[-119.62884,37.4106],[-119.6285,37.41164],[-119.62804,37.41223],[-119.62766,37.41408],[-119.6266,37.41561],[-119.62663,37.4164],[-119.62708,37.41697],[-119.62841,37.41771],[-119.62964,37.42015],[-119.62999,37.4205],[-119.63148,37.42072],[-119.63264,37.42144],[-119.63439,37.42129],[-119.63527,37.4217],[-119.6373,37.42372],[-119.63723,37.42428],[-119.63638,37.42544],[-119.63636,37.42584],[-119.6366,37.42638],[-119.63752,37.42698],[-119.6391,37.42722],[-119.63969,37.4277],[-119.63977,37.42825],[-119.63925,37.42938],[-119.63934,37.43297],[-119.63874,37.43458],[-119.63895,37.43549],[-119.63869,37.43643],[-119.63885,37.43693],[-119.63939,37.43726],[-119.6402,37.43722],[-119.64123,37.43622],[-119.64227,37.43558],[-119.64273,37.43545],[-119.64328,37.43554],[-119.64359,37.43576],[-119.64377,37.43615],[-119.64296,37.43772],[-119.64301,37.43818],[-119.64326,37.43848],[-119.64371,37.43869],[-119.64557,37.43891],[-119.64638,37.43923],[-119.65084,37.44204],[-119.65192,37.44324],[-119.65321,37.44349],[-119.6535,37.44399],[-119.65319,37.44483],[-119.65136,37.44585],[-119.65088,37.44632],[-119.65084,37.44769],[-119.65102,37.44851],[-119.6508,37.44893],[-119.65036,37.44908],[-119.64932,37.44899],[-119.64815,37.44855],[-119.64683,37.44848],[-119.64629,37.44879],[-119.64425,37.45086],[-119.64416,37.4515],[-119.64488,37.45246],[-119.64501,37.45295],[-119.64426,37.45423],[-119.64474,37.45533],[-119.64436,37.45609],[-119.64432,37.45719],[-119.64391,37.45794],[-119.64417,37.45898],[-119.64401,37.45956],[-119.64415,37.46114],[-119.64401,37.4619],[-119.64425,37.46306],[-119.64534,37.46389],[-119.6449,37.46517],[-119.64543,37.46652],[-119.64547,37.46726],[-119.64503,37.46839],[-119.64426,37.4693],[-119.64438,37.47011],[-119.64422,37.47044],[-119.64379,37.47062],[-119.64296,37.47061],[-119.64259,37.47079],[-119.6423,37.47112],[-119.64217,37.47186],[-119.64188,37.4721],[-119.64058,37.47226],[-119.63894,37.47281],[-119.63853,37.47312],[-119.63842,37.47367],[-119.63874,37.47497],[-119.63843,37.47543],[-119.6378,37.47588],[-119.63751,37.47643],[-119.63761,37.47697],[-119.63818,37.4779],[-119.63812,37.47856],[-119.63386,37.48245],[-119.63286,37.48405],[-119.63207,37.48477],[-119.63185,37.4852],[-119.63186,37.48569],[-119.63298,37.48722],[-119.63314,37.48774],[-119.63287,37.48842],[-119.6313,37.48938],[-119.63099,37.48992],[-119.63179,37.49127],[-119.6326,37.49386],[-119.63268,37.49463],[-119.6326,37.49651],[-119.63151,37.49793],[-119.63109,37.50004],[-119.63118,37.50052],[-119.63205,37.50144],[-119.6323,37.50213],[-119.63217,37.50252],[-119.63041,37.50478],[-119.63031,37.50519],[-119.63059,37.50572],[-119.63249,37.50708],[-119.63449,37.50736],[-119.63503,37.50769],[-119.63531,37.50808],[-119.6353,37.50853],[-119.63488,37.50935],[-119.63516,37.51013],[-119.63513,37.51065],[-119.63429,37.51387],[-119.63396,37.51426],[-119.63345,37.51444],[-119.63292,37.51439],[-119.63201,37.51398],[-119.63141,37.51398],[-119.63035,37.5145],[-119.62644,37.51523],[-119.62565,37.51556],[-119.62529,37.51625],[-119.62593,37.51804],[-119.6258,37.5186],[-119.62441,37.5191],[-119.62328,37.52096],[-119.62284,37.52137],[-119.62226,37.52146],[-119.62067,37.52114],[-119.61906,37.5218],[-119.61885,37.52215],[-119.6188,37.52304],[-119.61815,37.52398],[-119.61806,37.52444],[-119.61952,37.52625],[-119.62154,37.52699],[-119.62275,37.52868],[-119.6263,37.53028],[-119.62734,37.53037],[-119.62854,37.52955],[-119.62977,37.5292],[-119.63114,37.52857],[-119.63196,37.52857],[-119.63236,37.52876],[-119.63289,37.52952],[-119.63331,37.52978],[-119.63585,37.52992],[-119.63726,37.5303],[-119.63894,37.53117],[-119.63977,37.53221],[-119.64197,37.53251],[-119.64524,37.53332],[-119.64735,37.53442],[-119.6486,37.53463],[-119.65234,37.53477],[-119.65557,37.53531],[-119.65659,37.53595],[-119.65613,37.53648],[-119.65532,37.53669],[-119.65536,37.53698],[-119.65607,37.53699],[-119.65613,37.53648],[-119.65659,37.53595],[-119.65969,37.53889],[-119.66065,37.53929],[-119.66589,37.54035],[-119.66656,37.54077],[-119.66735,37.54179],[-119.66874,37.5426],[-119.66975,37.54293],[-119.67144,37.54313],[-119.67186,37.54354],[-119.67233,37.54475],[-119.67351,37.54556],[-119.67393,37.54611],[-119.6744,37.54634],[-119.67588,37.5465],[-119.67674,37.54694],[-119.67721,37.54855],[-119.67728,37.5495],[-119.67788,37.55051],[-119.67862,37.55123],[-119.67913,37.5524],[-119.68122,37.55381],[-119.68263,37.5541],[-119.68352,37.55519],[-119.6863,37.55682],[-119.68717,37.55804],[-119.68685,37.55898],[-119.68745,37.56011],[-119.68732,37.56115],[-119.68753,37.56152],[-119.68811,37.56173],[-119.68969,37.56134],[-119.69058,37.56142],[-119.692,37.56248],[-119.69295,37.5628],[-119.69329,37.56311],[-119.69337,37.56363],[-119.69274,37.56492],[-119.6919,37.56748],[-119.69198,37.56851],[-119.69138,37.57027],[-119.69034,37.57177],[-119.68978,37.57298],[-119.68915,37.57351],[-119.68741,37.57563],[-119.68682,37.57599],[-119.68533,37.57593],[-119.68433,37.57629],[-119.68315,37.57612],[-119.68234,37.57635],[-119.68083,37.57648],[-119.68014,37.57611],[-119.68011,37.57525],[-119.67968,37.57502],[-119.67934,37.57529],[-119.67905,37.57641],[-119.67814,37.57686],[-119.67792,37.57721],[-119.6782,37.57811],[-119.67793,37.57974],[-119.6781,37.58012],[-119.67883,37.58038],[-119.67989,37.57971],[-119.68074,37.57969],[-119.68161,37.58026],[-119.68184,37.58131],[-119.683,37.58221],[-119.68554,37.5834],[-119.68689,37.58353],[-119.6875,37.58392],[-119.68872,37.58416],[-119.68932,37.58491],[-119.68908,37.58609],[-119.68972,37.58696],[-119.6894,37.58773],[-119.68988,37.58917],[-119.68939,37.59011],[-119.6888,37.59045],[-119.6876,37.59057],[-119.68697,37.59096],[-119.68575,37.59131],[-119.68415,37.59211],[-119.68352,37.59495],[-119.68377,37.5957],[-119.68363,37.59634],[-119.68339,37.59676],[-119.68261,37.59741],[-119.68238,37.59788],[-119.68287,37.59901],[-119.68283,37.5997],[-119.68319,37.60039],[-119.68346,37.60059],[-119.68426,37.60075],[-119.68469,37.60109],[-119.68486,37.6018],[-119.68536,37.60244],[-119.68564,37.60327],[-119.68545,37.60373],[-119.68449,37.6043],[-119.68376,37.60495],[-119.68376,37.60536],[-119.68424,37.60635],[-119.68363,37.60913],[-119.68392,37.60952],[-119.68471,37.60991],[-119.686,37.61119],[-119.68741,37.61157],[-119.68826,37.61259],[-119.68834,37.61306],[-119.6879,37.61399],[-119.68695,37.61464],[-119.68676,37.61518],[-119.6874,37.61557],[-119.68852,37.61549],[-119.68896,37.61587],[-119.68922,37.61748],[-119.68968,37.61854],[-119.68989,37.61983],[-119.68967,37.62055],[-119.68847,37.6222],[-119.68823,37.62364],[-119.6885,37.62439],[-119.68841,37.62488],[-119.68721,37.62595],[-119.68756,37.62728],[-119.68691,37.6286],[-119.68676,37.62925],[-119.68673,37.62962],[-119.68703,37.63038],[-119.68637,37.63117],[-119.68553,37.63325],[-119.68518,37.63374],[-119.68446,37.6345],[-119.68287,37.63568],[-119.6828,37.63612],[-119.68302,37.63641],[-119.68407,37.63672],[-119.68461,37.6373],[-119.68476,37.63781],[-119.6846,37.63896],[-119.68539,37.64022],[-119.68545,37.64158],[-119.68584,37.64187],[-119.68627,37.64192],[-119.68658,37.64179],[-119.68792,37.64078],[-119.68924,37.64027],[-119.69054,37.63956],[-119.692,37.63921],[-119.69303,37.63874],[-119.69447,37.63883],[-119.69551,37.6392],[-119.69624,37.64078],[-119.69639,37.64232],[-119.69702,37.64368],[-119.69802,37.64411],[-119.69871,37.6448],[-119.70049,37.64598],[-119.70192,37.64622],[-119.70265,37.64652],[-119.70296,37.64683],[-119.70297,37.64757],[-119.70181,37.64989],[-119.70063,37.65125],[-119.70093,37.65169],[-119.70275,37.65181],[-119.70318,37.65212],[-119.70324,37.65275],[-119.70276,37.65321],[-119.7025,37.65372],[-119.70276,37.65453],[-119.7036,37.65548],[-119.70429,37.65581],[-119.70618,37.65587],[-119.70886,37.65567],[-119.70952,37.6558],[-119.71025,37.65674],[-119.71082,37.65715],[-119.7112,37.65786],[-119.71189,37.65862],[-119.71194,37.65959],[-119.71103,37.66068],[-119.7102,37.66211],[-119.71013,37.66258],[-119.71155,37.66504],[-119.71254,37.66598],[-119.71259,37.66651],[-119.71211,37.66737],[-119.71093,37.66812],[-119.71082,37.66921],[-119.71039,37.67004],[-119.70974,37.67067],[-119.70971,37.6715],[-119.70835,37.67267],[-119.70792,37.67393],[-119.70791,37.67485],[-119.70681,37.67579],[-119.70657,37.67629],[-119.70666,37.67759],[-119.70692,37.67782],[-119.70782,37.6781],[-119.70813,37.67839],[-119.70818,37.6788],[-119.70786,37.67987],[-119.70809,37.68096],[-119.70963,37.68306],[-119.7098,37.68377],[-119.70896,37.68504],[-119.70662,37.68626],[-119.70296,37.68713],[-119.70168,37.68725],[-119.70089,37.6881],[-119.69985,37.68888],[-119.69961,37.68941],[-119.69968,37.68975],[-119.70002,37.69008],[-119.70563,37.69217],[-119.70773,37.69359],[-119.70794,37.69426],[-119.70766,37.69561],[-119.70829,37.69688],[-119.70807,37.69816],[-119.70839,37.69848],[-119.70966,37.69888],[-119.71063,37.69942],[-119.7113,37.70075],[-119.71247,37.70171],[-119.71206,37.70482],[-119.71001,37.70752],[-119.70908,37.70845],[-119.70835,37.70893],[-119.70819,37.70924],[-119.70825,37.70966],[-119.70869,37.71038],[-119.70893,37.71162],[-119.70977,37.7127],[-119.70972,37.71322],[-119.70888,37.71397],[-119.7084,37.71501],[-119.70678,37.71627],[-119.70626,37.71648],[-119.70519,37.71642],[-119.70392,37.71564],[-119.69962,37.71413],[-119.69844,37.71394],[-119.69717,37.71409],[-119.69612,37.71473],[-119.69331,37.71602],[-119.67758,37.71553],[-119.67684,37.7154],[-119.67615,37.71487],[-119.67396,37.71401],[-119.67269,37.71328],[-119.67138,37.71325],[-119.66955,37.71355],[-119.66732,37.71298],[-119.66499,37.71293],[-119.66294,37.71256],[-119.66169,37.71252],[-119.66075,37.71273],[-119.65974,37.71339],[-119.65784,37.71415],[-119.65555,37.71553],[-119.65266,37.71642],[-119.65195,37.71716],[-119.65178,37.7178],[-119.65017,37.71945],[-119.64869,37.72041],[-119.64741,37.72101],[-119.64519,37.72094],[-119.64389,37.7212],[-119.64258,37.72178],[-119.64209,37.72185],[-119.6398,37.72114],[-119.6367,37.72062],[-119.63532,37.72018],[-119.63289,37.71983],[-119.62071,37.72259],[-119.61981,37.72294],[-119.61796,37.72405],[-119.6157,37.72498],[-119.61331,37.72571],[-119.61172,37.72595],[-119.60945,37.72673],[-119.6071,37.72802],[-119.60661,37.72857],[-119.60593,37.72994],[-119.60407,37.73229],[-119.59861,37.73666],[-119.59354,37.73982],[-119.59204,37.74131],[-119.59133,37.74236],[-119.59036,37.74311],[-119.58905,37.74305],[-119.58773,37.74252],[-119.58621,37.74246],[-119.58269,37.74161],[-119.58177,37.74119],[-119.57978,37.74065],[-119.57816,37.73936],[-119.57728,37.73894],[-119.57308,37.73962],[-119.57184,37.73844],[-119.57083,37.73811],[-119.57047,37.73831],[-119.57043,37.73975],[-119.56816,37.73936],[-119.56713,37.73838],[-119.56555,37.73921],[-119.56458,37.73864],[-119.56428,37.73825],[-119.56416,37.73712],[-119.56364,37.73619],[-119.56342,37.736],[-119.56269,37.73583]]}},
{"type":"Feature","properties":{"id":"d10","tipo":"principal","dia":10,"km":28.5,"horas":0.8,"pontos":["upper_pines","lower_falls","tunnel_view","upper_pines"],"trechos":[{"de":"upper_pines","para":"lower_falls","km":4.2,"min":9},{"de":"lower_falls","para":"tunnel_view","km":11.9,"min":17},{"de":"tunnel_view","para":"upper_pines","km":12.3,"min":20}]},"geometry":{"type":"LineString","coordinates":[[-119.56269,37.73583],[-119.56342,37.736],[-119.56364,37.73619],[-119.56416,37.73712],[-119.56428,37.73825],[-119.56458,37.73864],[-119.56555,37.73921],[-119.56713,37.73838],[-119.56816,37.73936],[-119.57043,37.73975],[-119.57049,37.73825],[-119.57083,37.73811],[-119.57167,37.73833],[-119.57368,37.74022],[-119.57674,37.74387],[-119.57753,37.74429],[-119.58011,37.7451],[-119.5819,37.74522],[-119.58311,37.7451],[-119.58344,37.74488],[-119.5836,37.74434],[-119.58402,37.74389],[-119.58456,37.74364],[-119.58518,37.74359],[-119.58587,37.74378],[-119.58636,37.74439],[-119.58635,37.74489],[-119.58594,37.74561],[-119.58605,37.74607],[-119.58661,37.74646],[-119.58767,37.74678],[-119.5887,37.74678],[-119.59109,37.74646],[-119.59459,37.74519],[-119.59663,37.7457],[-119.59763,37.74565],[-119.59871,37.74526],[-119.59931,37.74477],[-119.6004,37.74271],[-119.60137,37.74177],[-119.60321,37.74057],[-119.60676,37.73877],[-119.60798,37.73783],[-119.60929,37.73576],[-119.61133,37.7336],[-119.61163,37.73173],[-119.6129,37.72897],[-119.61426,37.72748],[-119.61508,37.72697],[-119.61597,37.72681],[-119.61692,37.72683],[-119.62035,37.72726],[-119.623,37.72717],[-119.62456,37.72757],[-119.62649,37.72703],[-119.62951,37.72706],[-119.63039,37.72667],[-119.63144,37.72502],[-119.63287,37.72436],[-119.63378,37.72425],[-119.6405,37.72444],[-119.64379,37.72404],[-119.64761,37.72276],[-119.64847,37.72262],[-119.65076,37.7217],[-119.65361,37.72119],[-119.65477,37.72065],[-119.6566,37.71897],[-119.65723,37.7189],[-119.65897,37.7194],[-119.65979,37.71938],[-119.66074,37.71891],[-119.6621,37.71731],[-119.66255,37.71704],[-119.66493,37.7167],[-119.66597,37.71688],[-119.66619,37.71677],[-119.66614,37.71634],[-119.66541,37.71585],[-119.66471,37.71479],[-119.66432,37.71463],[-119.66367,37.71462],[-119.66189,37.71507],[-119.66086,37.71516],[-119.65762,37.71669],[-119.65653,37.7167],[-119.65225,37.71755],[-119.65192,37.71725],[-119.65236,37.71665],[-119.65291,37.71628],[-119.65577,37.71543],[-119.65767,37.71424],[-119.65926,37.71362],[-119.66075,37.71273],[-119.66134,37.71256],[-119.66274,37.71254],[-119.66499,37.71293],[-119.66732,37.71298],[-119.66955,37.71355],[-119.67138,37.71325],[-119.67269,37.71328],[-119.67396,37.71401],[-119.67615,37.71487],[-119.67684,37.7154],[-119.67758,37.71553],[-119.6776,37.71567],[-119.6771,37.71561],[-119.67615,37.71487],[-119.67396,37.71401],[-119.67269,37.71328],[-119.67138,37.71325],[-119.66955,37.71355],[-119.66732,37.71298],[-119.66499,37.71293],[-119.66274,37.71254],[-119.66134,37.71256],[-119.66075,37.71273],[-119.65926,37.71362],[-119.65767,37.71424],[-119.65577,37.71543],[-119.65266,37.71642],[-119.65195,37.71716],[-119.65178,37.7178],[-119.65017,37.71945],[-119.64869,37.72041],[-119.64741,37.72101],[-119.64519,37.72094],[-119.64389,37.7212],[-119.64258,37.72178],[-119.64209,37.72185],[-119.6398,37.72114],[-119.6367,37.72062],[-119.63532,37.72018],[-119.63289,37.71983],[-119.62071,37.72259],[-119.61981,37.72294],[-119.61796,37.72405],[-119.6157,37.72498],[-119.61331,37.72571],[-119.61172,37.72595],[-119.60945,37.72673],[-119.6071,37.72802],[-119.60661,37.72857],[-119.60593,37.72994],[-119.60407,37.73229],[-119.59861,37.73666],[-119.59354,37.73982],[-119.59204,37.74131],[-119.59133,37.74236],[-119.59036,37.74311],[-119.58905,37.74305],[-119.58773,37.74252],[-119.58621,37.74246],[-119.58269,37.74161],[-119.58177,37.74119],[-119.57978,37.74065],[-119.57816,37.73936],[-119.57728,37.73894],[-119.57308,37.73962],[-119.57184,37.73844],[-119.57083,37.73811],[-119.57047,37.73831],[-119.57043,37.73975],[-119.56816,37.73936],[-119.56713,37.73838],[-119.56555,37.73921],[-119.56458,37.73864],[-119.56428,37.73825],[-119.56416,37.73712],[-119.56364,37.73619],[-119.56342,37.736],[-119.56269,37.73583]]}},
{"type":"Feature","properties":{"id":"d11","tipo":"principal","dia":11,"km":363,"horas":5.8,"pontos":["upper_pines","new_priest","sf","golden_gate","hmb_sb"],"trechos":[{"de":"upper_pines","para":"new_priest","km":87.3,"min":102},{"de":"new_priest","para":"sf","km":222.9,"min":182},{"de":"sf","para":"golden_gate","km":6,"min":10},{"de":"golden_gate","para":"hmb_sb","km":46.9,"min":52}]},"geometry":{"type":"LineString","coordinates":[[-119.56269,37.73583],[-119.56342,37.736],[-119.56364,37.73619],[-119.56416,37.73712],[-119.56428,37.73825],[-119.56458,37.73864],[-119.56555,37.73921],[-119.56713,37.73838],[-119.56816,37.73936],[-119.57043,37.73975],[-119.57049,37.73825],[-119.57083,37.73811],[-119.57167,37.73833],[-119.57368,37.74022],[-119.57674,37.74387],[-119.57753,37.74429],[-119.58011,37.7451],[-119.5819,37.74522],[-119.58311,37.7451],[-119.58344,37.74488],[-119.5836,37.74434],[-119.58402,37.74389],[-119.58456,37.74364],[-119.58518,37.74359],[-119.58587,37.74378],[-119.58636,37.74439],[-119.58635,37.74489],[-119.58594,37.74561],[-119.58605,37.74607],[-119.58661,37.74646],[-119.58743,37.74674],[-119.58842,37.74681],[-119.59109,37.74646],[-119.59459,37.74519],[-119.59625,37.74564],[-119.59739,37.74569],[-119.59843,37.7454],[-119.59913,37.74495],[-119.59964,37.74432],[-119.6004,37.74271],[-119.60137,37.74177],[-119.60321,37.74057],[-119.60676,37.73877],[-119.60798,37.73783],[-119.60929,37.73576],[-119.61133,37.7336],[-119.61163,37.73173],[-119.6129,37.72897],[-119.61426,37.72748],[-119.61531,37.7269],[-119.61692,37.72683],[-119.62063,37.72727],[-119.623,37.72717],[-119.62456,37.72757],[-119.62649,37.72703],[-119.62951,37.72706],[-119.63039,37.72667],[-119.63144,37.72502],[-119.63287,37.72436],[-119.63378,37.72425],[-119.6405,37.72444],[-119.64418,37.72397],[-119.64761,37.72276],[-119.64847,37.72262],[-119.65076,37.7217],[-119.65361,37.72119],[-119.65477,37.72065],[-119.6566,37.71897],[-119.65723,37.7189],[-119.65897,37.7194],[-119.65979,37.71938],[-119.66074,37.71891],[-119.66229,37.71716],[-119.66299,37.71692],[-119.66513,37.7167],[-119.66792,37.71729],[-119.67049,37.71821],[-119.6736,37.71789],[-119.67632,37.71883],[-119.6787,37.71876],[-119.67985,37.71902],[-119.68123,37.71897],[-119.68239,37.71916],[-119.68272,37.71944],[-119.68371,37.71957],[-119.68496,37.72001],[-119.68691,37.72114],[-119.68945,37.72197],[-119.69029,37.72199],[-119.69148,37.72158],[-119.69204,37.72156],[-119.69292,37.72205],[-119.69414,37.72238],[-119.69508,37.72287],[-119.69693,37.72331],[-119.69892,37.72333],[-119.70038,37.7237],[-119.703,37.72525],[-119.70528,37.72543],[-119.70729,37.72631],[-119.70786,37.7267],[-119.7086,37.72759],[-119.70902,37.72779],[-119.71083,37.72791],[-119.71212,37.72754],[-119.71416,37.72773],[-119.71495,37.72745],[-119.71788,37.7254],[-119.71828,37.72482],[-119.71894,37.72284],[-119.72311,37.71754],[-119.72368,37.71701],[-119.72463,37.71658],[-119.72573,37.71581],[-119.72706,37.71416],[-119.72842,37.71363],[-119.73085,37.71349],[-119.73189,37.71358],[-119.73335,37.71402],[-119.73522,37.71411],[-119.73645,37.71453],[-119.7399,37.71679],[-119.74158,37.71881],[-119.74376,37.72073],[-119.74686,37.72381],[-119.7501,37.7263],[-119.75064,37.72696],[-119.75192,37.7293],[-119.75229,37.72949],[-119.75286,37.72952],[-119.75422,37.72881],[-119.75473,37.7287],[-119.75537,37.72876],[-119.756,37.7291],[-119.75641,37.72982],[-119.75632,37.73072],[-119.75584,37.73183],[-119.75619,37.73249],[-119.75665,37.73269],[-119.75719,37.73271],[-119.75955,37.73198],[-119.76007,37.73205],[-119.76059,37.73242],[-119.76068,37.73314],[-119.75965,37.73423],[-119.75896,37.73573],[-119.75891,37.73697],[-119.7584,37.73787],[-119.7585,37.73834],[-119.75911,37.73916],[-119.75909,37.7398],[-119.75845,37.74057],[-119.7571,37.74169],[-119.75685,37.74217],[-119.75693,37.7429],[-119.75768,37.74361],[-119.75844,37.74379],[-119.759,37.74374],[-119.76211,37.74264],[-119.76376,37.74167],[-119.76402,37.74142],[-119.76465,37.74007],[-119.76547,37.73964],[-119.76788,37.73964],[-119.76928,37.73935],[-119.77241,37.73949],[-119.77314,37.73995],[-119.77478,37.74238],[-119.77543,37.74371],[-119.77627,37.74476],[-119.77669,37.74607],[-119.77718,37.74637],[-119.77859,37.7466],[-119.77977,37.74777],[-119.78131,37.74823],[-119.78173,37.74866],[-119.78217,37.74982],[-119.78323,37.75041],[-119.78434,37.75143],[-119.78516,37.7518],[-119.78609,37.75191],[-119.78669,37.75183],[-119.79056,37.7505],[-119.79174,37.75027],[-119.7931,37.75052],[-119.79612,37.75226],[-119.79697,37.75249],[-119.79803,37.75238],[-119.79964,37.75168],[-119.80174,37.75163],[-119.80242,37.75123],[-119.80277,37.75071],[-119.80273,37.74991],[-119.80217,37.7488],[-119.80239,37.74795],[-119.80339,37.74736],[-119.80433,37.74734],[-119.8067,37.74799],[-119.8073,37.7484],[-119.80846,37.75079],[-119.81112,37.75337],[-119.81153,37.75359],[-119.81226,37.7537],[-119.81415,37.75331],[-119.81515,37.75348],[-119.81578,37.75404],[-119.81631,37.7554],[-119.81712,37.75592],[-119.81776,37.75602],[-119.81859,37.75583],[-119.82035,37.75462],[-119.82093,37.75383],[-119.82126,37.7525],[-119.82201,37.75184],[-119.82298,37.75167],[-119.82464,37.75201],[-119.82519,37.75239],[-119.82546,37.75282],[-119.82556,37.7548],[-119.82576,37.75538],[-119.82747,37.75788],[-119.82822,37.75837],[-119.83197,37.75936],[-119.83247,37.75985],[-119.83329,37.76167],[-119.83412,37.7623],[-119.83748,37.76254],[-119.83962,37.76319],[-119.84195,37.7632],[-119.84958,37.76445],[-119.8507,37.76436],[-119.85239,37.76359],[-119.85311,37.76359],[-119.85364,37.76375],[-119.85427,37.76422],[-119.85472,37.7655],[-119.85538,37.76607],[-119.85621,37.76627],[-119.85813,37.76612],[-119.85925,37.76659],[-119.8612,37.76901],[-119.86145,37.76957],[-119.86154,37.77364],[-119.86115,37.77526],[-119.86137,37.77603],[-119.8621,37.77658],[-119.8646,37.77716],[-119.86515,37.77746],[-119.86558,37.77809],[-119.86597,37.77957],[-119.86635,37.78006],[-119.86784,37.78072],[-119.86858,37.78124],[-119.86949,37.78284],[-119.87125,37.78377],[-119.87461,37.7866],[-119.87654,37.78887],[-119.87657,37.78942],[-119.87616,37.79012],[-119.87532,37.79056],[-119.87404,37.79063],[-119.87342,37.79081],[-119.87288,37.79123],[-119.87261,37.79184],[-119.87283,37.79268],[-119.87385,37.79347],[-119.87431,37.79409],[-119.87446,37.79457],[-119.87427,37.79631],[-119.87517,37.79793],[-119.87534,37.79886],[-119.87487,37.80027],[-119.87428,37.8012],[-119.87363,37.80338],[-119.87271,37.8047],[-119.87269,37.8055],[-119.87325,37.80659],[-119.87331,37.80709],[-119.87301,37.80773],[-119.87217,37.80856],[-119.87196,37.80925],[-119.87234,37.81015],[-119.87403,37.8114],[-119.87451,37.81192],[-119.87477,37.81257],[-119.87518,37.81508],[-119.87563,37.8156],[-119.87641,37.81595],[-119.87722,37.81599],[-119.878,37.81575],[-119.88012,37.814],[-119.88176,37.81352],[-119.8909,37.81349],[-119.89396,37.81323],[-119.89572,37.81343],[-119.89778,37.81412],[-119.89865,37.81407],[-119.89926,37.81382],[-119.89971,37.81333],[-119.89988,37.81195],[-119.90025,37.81131],[-119.901,37.8109],[-119.90197,37.81085],[-119.90332,37.81123],[-119.904,37.81163],[-119.90457,37.8123],[-119.90513,37.8134],[-119.90615,37.81421],[-119.90701,37.8145],[-119.90869,37.81468],[-119.9096,37.81511],[-119.91014,37.81575],[-119.91048,37.81694],[-119.9109,37.81755],[-119.91145,37.81799],[-119.91308,37.81881],[-119.9137,37.81936],[-119.91407,37.82003],[-119.9145,37.82163],[-119.91509,37.82208],[-119.91596,37.82227],[-119.91697,37.82204],[-119.91832,37.82093],[-119.92034,37.8203],[-119.92069,37.81997],[-119.92119,37.81893],[-119.92174,37.81852],[-119.92871,37.81634],[-119.92946,37.81631],[-119.93068,37.81656],[-119.93125,37.8165],[-119.93196,37.81614],[-119.93263,37.81546],[-119.93343,37.81515],[-119.93421,37.81515],[-119.93622,37.81559],[-119.93871,37.81639],[-119.94068,37.81595],[-119.94286,37.81649],[-119.9447,37.81612],[-119.94692,37.81608],[-119.94808,37.81577],[-119.94877,37.81577],[-119.9498,37.81623],[-119.95127,37.81843],[-119.95194,37.81885],[-119.95285,37.81895],[-119.95455,37.81839],[-119.95556,37.81847],[-119.95627,37.8189],[-119.9579,37.8209],[-119.95891,37.82152],[-119.96657,37.8227],[-119.96751,37.82312],[-119.96933,37.82437],[-119.97219,37.8252],[-119.97451,37.82697],[-119.97537,37.82725],[-119.97858,37.8276],[-119.97951,37.82783],[-119.98066,37.8283],[-119.98216,37.82924],[-119.983,37.82941],[-119.98378,37.82928],[-119.98445,37.82881],[-119.98507,37.82775],[-119.98709,37.8256],[-119.98756,37.82446],[-119.9881,37.82393],[-119.98893,37.82366],[-119.99211,37.82369],[-119.99297,37.82351],[-119.99378,37.82298],[-119.99479,37.82157],[-119.99579,37.82108],[-119.99657,37.82105],[-119.99729,37.82125],[-119.99935,37.82269],[-120.00007,37.82303],[-120.00127,37.82302],[-120.00277,37.82246],[-120.00363,37.82245],[-120.00445,37.82281],[-120.00534,37.82392],[-120.00602,37.82432],[-120.01018,37.82482],[-120.01148,37.82459],[-120.01443,37.82284],[-120.01643,37.82256],[-120.01745,37.82303],[-120.01875,37.82472],[-120.01956,37.82506],[-120.02029,37.82508],[-120.02136,37.82464],[-120.02231,37.82328],[-120.02304,37.8228],[-120.02363,37.82266],[-120.02625,37.82255],[-120.02838,37.8215],[-120.02959,37.82112],[-120.03247,37.82089],[-120.03752,37.82185],[-120.03851,37.8219],[-120.04262,37.82112],[-120.04491,37.81996],[-120.04577,37.8197],[-120.04669,37.81964],[-120.04913,37.8199],[-120.05028,37.81978],[-120.06068,37.81633],[-120.06453,37.81418],[-120.06617,37.81383],[-120.07037,37.81451],[-120.07108,37.81476],[-120.07189,37.81538],[-120.075,37.81882],[-120.07607,37.8195],[-120.07721,37.81968],[-120.07947,37.81966],[-120.08211,37.82041],[-120.08552,37.82009],[-120.0869,37.82037],[-120.08829,37.82104],[-120.08894,37.82158],[-120.08937,37.82229],[-120.08981,37.82402],[-120.09032,37.82469],[-120.09166,37.82541],[-120.093,37.8255],[-120.09603,37.82503],[-120.09874,37.82407],[-120.11043,37.8164],[-120.11809,37.81368],[-120.1194,37.8135],[-120.12067,37.81353],[-120.12261,37.81413],[-120.12599,37.81605],[-120.12968,37.81712],[-120.13061,37.81768],[-120.13285,37.81948],[-120.1344,37.82014],[-120.14863,37.82109],[-120.15622,37.82061],[-120.15716,37.82066],[-120.1678,37.82299],[-120.16952,37.82357],[-120.17255,37.82505],[-120.17563,37.82581],[-120.17882,37.82728],[-120.18398,37.82877],[-120.18546,37.82884],[-120.18993,37.82801],[-120.19377,37.82828],[-120.19525,37.82885],[-120.20285,37.83393],[-120.20565,37.83781],[-120.20615,37.83826],[-120.20703,37.83869],[-120.2081,37.83887],[-120.20922,37.83873],[-120.21364,37.83582],[-120.21492,37.83544],[-120.21619,37.8354],[-120.21882,37.83562],[-120.2198,37.83587],[-120.22085,37.83662],[-120.22145,37.83784],[-120.22213,37.83864],[-120.22378,37.83966],[-120.22544,37.83998],[-120.22917,37.83955],[-120.23254,37.83785],[-120.23547,37.83672],[-120.23772,37.83645],[-120.24129,37.83468],[-120.24331,37.83269],[-120.24494,37.83204],[-120.24627,37.83106],[-120.24759,37.82963],[-120.24974,37.82828],[-120.25213,37.82708],[-120.25333,37.826],[-120.25452,37.82542],[-120.25615,37.8249],[-120.25817,37.82332],[-120.26142,37.82258],[-120.26441,37.81879],[-120.26663,37.81741],[-120.26851,37.81694],[-120.26882,37.81656],[-120.26938,37.81509],[-120.27006,37.81447],[-120.27056,37.81422],[-120.27177,37.81394],[-120.27218,37.81416],[-120.27225,37.8149],[-120.27307,37.81667],[-120.27222,37.81767],[-120.27226,37.81797],[-120.27392,37.81831],[-120.27426,37.819],[-120.27546,37.8191],[-120.27589,37.81983],[-120.27687,37.82025],[-120.27675,37.82063],[-120.27503,37.82147],[-120.27483,37.82183],[-120.27509,37.8221],[-120.27572,37.82223],[-120.2762,37.82254],[-120.27703,37.82263],[-120.27719,37.82374],[-120.27824,37.82393],[-120.27862,37.82429],[-120.27876,37.82472],[-120.27918,37.82484],[-120.27981,37.82408],[-120.27982,37.8232],[-120.28028,37.82309],[-120.28207,37.82339],[-120.28278,37.82421],[-120.28448,37.82482],[-120.28475,37.82468],[-120.28477,37.82448],[-120.2836,37.82368],[-120.28353,37.82236],[-120.28282,37.8217],[-120.28282,37.82141],[-120.28328,37.82123],[-120.2839,37.82121],[-120.28508,37.82181],[-120.28656,37.82119],[-120.2879,37.8215],[-120.28836,37.82116],[-120.28883,37.82112],[-120.28909,37.82095],[-120.28978,37.82022],[-120.28976,37.8197],[-120.28996,37.8195],[-120.29128,37.81965],[-120.29128,37.82097],[-120.29202,37.82133],[-120.29288,37.82087],[-120.29354,37.82074],[-120.29387,37.8203],[-120.29384,37.81949],[-120.29553,37.81845],[-120.29591,37.81863],[-120.29592,37.8194],[-120.29627,37.82007],[-120.29661,37.82005],[-120.2973,37.81961],[-120.29806,37.81955],[-120.29912,37.82067],[-120.2998,37.8205],[-120.30092,37.81989],[-120.30263,37.81998],[-120.30385,37.81917],[-120.30455,37.81937],[-120.30528,37.81992],[-120.30688,37.8201],[-120.30714,37.82002],[-120.30749,37.81963],[-120.30741,37.8193],[-120.30711,37.81907],[-120.30576,37.81912],[-120.30509,37.81899],[-120.30412,37.81829],[-120.30342,37.81804],[-120.30151,37.818],[-120.3008,37.81766],[-120.29992,37.81695],[-120.298,37.81665],[-120.29762,37.8163],[-120.29772,37.81581],[-120.29867,37.8148],[-120.29979,37.81409],[-120.3004,37.81393],[-120.30341,37.81369],[-120.3055,37.81373],[-120.30956,37.81457],[-120.31348,37.81498],[-120.31543,37.81553],[-120.34214,37.82774],[-120.34813,37.83067],[-120.34979,37.83117],[-120.35365,37.83164],[-120.35638,37.83273],[-120.35941,37.8342],[-120.36218,37.83661],[-120.36315,37.83723],[-120.36797,37.83955],[-120.36976,37.83997],[-120.37121,37.84002],[-120.37266,37.83983],[-120.37564,37.83901],[-120.37718,37.83905],[-120.37822,37.83936],[-120.37915,37.83988],[-120.37974,37.84046],[-120.38072,37.84265],[-120.38149,37.84355],[-120.38832,37.84841],[-120.38964,37.84911],[-120.39403,37.85048],[-120.39526,37.8505],[-120.39933,37.85015],[-120.40162,37.85018],[-120.40926,37.85105],[-120.41197,37.85182],[-120.4136,37.85268],[-120.41474,37.85349],[-120.4236,37.86014],[-120.42452,37.86098],[-120.43127,37.86856],[-120.43157,37.8693],[-120.43123,37.87095],[-120.43136,37.87178],[-120.43191,37.87252],[-120.43432,37.87453],[-120.4387,37.87604],[-120.44466,37.87747],[-120.44913,37.87778],[-120.45616,37.88007],[-120.45686,37.87992],[-120.45908,37.8782],[-120.45996,37.878],[-120.46055,37.87816],[-120.46286,37.8794],[-120.46368,37.87963],[-120.46798,37.88028],[-120.47805,37.88143],[-120.47905,37.88183],[-120.47972,37.88229],[-120.48505,37.88644],[-120.48832,37.89122],[-120.49046,37.89043],[-120.49588,37.88796],[-120.50181,37.88336],[-120.50486,37.88175],[-120.50558,37.88105],[-120.50611,37.8802],[-120.51111,37.8675],[-120.51168,37.86511],[-120.51203,37.85951],[-120.51193,37.85825],[-120.50697,37.84695],[-120.50678,37.84616],[-120.50679,37.84525],[-120.50724,37.84421],[-120.50829,37.84317],[-120.50949,37.84258],[-120.51498,37.84112],[-120.51725,37.84098],[-120.53243,37.84369],[-120.53507,37.84375],[-120.53976,37.84335],[-120.54289,37.8436],[-120.54452,37.84396],[-120.55169,37.84623],[-120.55604,37.8471],[-120.55793,37.84724],[-120.56536,37.84731],[-120.56958,37.84762],[-120.58965,37.85075],[-120.59213,37.85079],[-120.59482,37.85044],[-120.5965,37.84999],[-120.60193,37.84784],[-120.60388,37.84728],[-120.60702,37.84676],[-120.61014,37.84683],[-120.6121,37.84647],[-120.61856,37.84428],[-120.62393,37.84134],[-120.62491,37.84063],[-120.6259,37.83954],[-120.62878,37.83351],[-120.62923,37.83291],[-120.6315,37.83099],[-120.634,37.8293],[-120.64047,37.82327],[-120.64282,37.82212],[-120.64464,37.82161],[-120.64845,37.82087],[-120.65003,37.82024],[-120.65103,37.81951],[-120.65381,37.81673],[-120.65519,37.81561],[-120.6565,37.8148],[-120.6599,37.81329],[-120.66117,37.81255],[-120.66542,37.80911],[-120.66744,37.80768],[-120.67432,37.80389],[-120.67533,37.8035],[-120.67725,37.80325],[-120.67898,37.8035],[-120.68443,37.80624],[-120.68539,37.80659],[-120.68642,37.80677],[-120.68958,37.80685],[-120.69318,37.80772],[-120.69446,37.80773],[-120.69601,37.80745],[-120.70096,37.80533],[-120.70449,37.80452],[-120.70627,37.80457],[-120.70747,37.8049],[-120.70987,37.8062],[-120.71071,37.8065],[-120.71255,37.80677],[-120.71346,37.80672],[-120.715,37.80612],[-120.71753,37.80408],[-120.71915,37.80251],[-120.72418,37.79593],[-120.72507,37.79384],[-120.72539,37.79242],[-120.7261,37.79118],[-120.72792,37.78893],[-120.72874,37.78812],[-120.72958,37.78766],[-120.74313,37.78449],[-120.77298,37.77714],[-120.77521,37.77672],[-120.77807,37.77652],[-120.81411,37.7764],[-120.8163,37.77626],[-120.82016,37.77546],[-120.82681,37.77433],[-120.82896,37.7736],[-120.84014,37.76913],[-120.84396,37.76795],[-120.84706,37.76665],[-120.85121,37.77284],[-120.85159,37.77414],[-120.85515,37.78079],[-120.85649,37.78243],[-120.86516,37.7895],[-120.86744,37.79057],[-120.86869,37.79093],[-120.87047,37.79119],[-120.89004,37.79155],[-120.90474,37.79301],[-120.91726,37.79331],[-120.92129,37.79354],[-120.98899,37.79427],[-120.98962,37.79446],[-120.99237,37.79654],[-120.99539,37.79674],[-120.99724,37.7976],[-120.99816,37.79832],[-120.99919,37.7986],[-121.03532,37.79863],[-121.13828,37.79764],[-121.19199,37.7976],[-121.19093,37.79516],[-121.18965,37.79077],[-121.18937,37.78645],[-121.18971,37.7854],[-121.19025,37.7847],[-121.19147,37.7839],[-121.19252,37.7836],[-121.26268,37.78338],[-121.26643,37.784],[-121.28928,37.79001],[-121.29256,37.79041],[-121.29591,37.79024],[-121.30124,37.78896],[-121.30324,37.78811],[-121.31121,37.78247],[-121.32845,37.76984],[-121.33192,37.76791],[-121.33438,37.76714],[-121.35485,37.76511],[-121.40971,37.76497],[-121.41186,37.76481],[-121.42343,37.76315],[-121.43781,37.76306],[-121.44078,37.7628],[-121.44286,37.76237],[-121.44502,37.76167],[-121.49306,37.74202],[-121.49552,37.74126],[-121.49843,37.74078],[-121.50222,37.7407],[-121.54842,37.74361],[-121.5509,37.74366],[-121.56636,37.74264],[-121.5803,37.74144],[-121.59891,37.7385],[-121.60682,37.73804],[-121.61121,37.73754],[-121.62672,37.73487],[-121.62984,37.73407],[-121.63104,37.73352],[-121.63218,37.73271],[-121.63289,37.73205],[-121.63523,37.72904],[-121.63617,37.72823],[-121.63802,37.72712],[-121.64019,37.72642],[-121.64495,37.7259],[-121.6466,37.72547],[-121.6529,37.72281],[-121.65878,37.72008],[-121.66411,37.71837],[-121.66671,37.71803],[-121.66866,37.71822],[-121.66993,37.71855],[-121.67108,37.71904],[-121.67365,37.72067],[-121.6748,37.72119],[-121.67666,37.72157],[-121.68097,37.72197],[-121.6829,37.72173],[-121.7022,37.71783],[-121.70508,37.71707],[-121.70763,37.71607],[-121.73698,37.7036],[-121.73899,37.70299],[-121.74099,37.70262],[-121.74341,37.70246],[-121.75746,37.70303],[-121.76054,37.70298],[-121.76332,37.70269],[-121.77526,37.70074],[-121.78742,37.69965],[-121.78937,37.69981],[-121.79509,37.70092],[-121.91698,37.70202],[-121.9202,37.70164],[-121.93279,37.69884],[-121.93472,37.69854],[-121.93628,37.69846],[-121.95755,37.69862],[-121.96435,37.69763],[-121.96822,37.69742],[-121.97242,37.69768],[-121.98229,37.69932],[-121.98729,37.69994],[-121.98913,37.70044],[-121.99316,37.70215],[-121.99589,37.70302],[-121.99905,37.70358],[-122.00231,37.70371],[-122.0161,37.70301],[-122.01797,37.70263],[-122.02158,37.70139],[-122.024,37.70103],[-122.02675,37.70117],[-122.03032,37.70206],[-122.03193,37.70229],[-122.03388,37.70231],[-122.03581,37.70204],[-122.03794,37.70139],[-122.03997,37.70031],[-122.04464,37.69616],[-122.04617,37.69509],[-122.0483,37.69417],[-122.05048,37.69368],[-122.05274,37.69358],[-122.05677,37.69395],[-122.05871,37.69383],[-122.06029,37.69352],[-122.06717,37.69162],[-122.07114,37.69101],[-122.09645,37.6907],[-122.09875,37.69111],[-122.10075,37.69205],[-122.1019,37.693],[-122.10757,37.69931],[-122.10911,37.70068],[-122.11582,37.70483],[-122.12117,37.70745],[-122.12459,37.71006],[-122.129,37.71252],[-122.13065,37.71404],[-122.13145,37.71521],[-122.13387,37.71989],[-122.1368,37.72385],[-122.13735,37.72486],[-122.13829,37.72933],[-122.14005,37.73617],[-122.14045,37.73714],[-122.14127,37.73821],[-122.14371,37.74024],[-122.14579,37.74281],[-122.1487,37.74517],[-122.14943,37.74628],[-122.1514,37.75031],[-122.15171,37.75183],[-122.1514,37.75322],[-122.15072,37.75427],[-122.14898,37.75591],[-122.14825,37.75682],[-122.14775,37.75821],[-122.14784,37.75965],[-122.1487,37.7615],[-122.15029,37.76387],[-122.15222,37.76629],[-122.15474,37.77031],[-122.15603,37.77175],[-122.15765,37.77307],[-122.16246,37.77565],[-122.16845,37.77843],[-122.17336,37.78099],[-122.1776,37.78352],[-122.17959,37.78401],[-122.18846,37.78443],[-122.19075,37.78486],[-122.19339,37.7857],[-122.19974,37.78888],[-122.20117,37.79003],[-122.20385,37.79289],[-122.205,37.79387],[-122.20635,37.79469],[-122.2104,37.79658],[-122.21208,37.79717],[-122.21848,37.79877],[-122.22847,37.801],[-122.23021,37.80189],[-122.23364,37.80455],[-122.23611,37.80595],[-122.24188,37.80852],[-122.24865,37.81055],[-122.24951,37.81114],[-122.25015,37.81198],[-122.25152,37.81642],[-122.25269,37.81814],[-122.25372,37.81904],[-122.25554,37.82027],[-122.25933,37.82213],[-122.26178,37.82293],[-122.28145,37.82749],[-122.28367,37.8275],[-122.28735,37.82662],[-122.28866,37.82654],[-122.29009,37.82685],[-122.29252,37.82795],[-122.294,37.82807],[-122.29755,37.827],[-122.30581,37.82527],[-122.31307,37.82459],[-122.31791,37.82383],[-122.32181,37.82276],[-122.33243,37.82172],[-122.3498,37.81919],[-122.35172,37.81882],[-122.35369,37.81814],[-122.36038,37.81443],[-122.36179,37.81344],[-122.36472,37.81047],[-122.3904,37.7865],[-122.39183,37.78547],[-122.3931,37.7851],[-122.39389,37.78512],[-122.39457,37.78536],[-122.39582,37.78631],[-122.39605,37.78668],[-122.3959,37.78721],[-122.39435,37.7885],[-122.39515,37.78923],[-122.39341,37.79062],[-122.39641,37.7931],[-122.39633,37.79355],[-122.39689,37.79632],[-122.39564,37.79655],[-122.39534,37.79677],[-122.40216,37.8044],[-122.40485,37.80627],[-122.40701,37.80735],[-122.40911,37.80812],[-122.41271,37.8086],[-122.42078,37.80759],[-122.42019,37.8048],[-122.43632,37.80269],[-122.43697,37.80285],[-122.44196,37.80554],[-122.44223,37.80581],[-122.44765,37.80512],[-122.44889,37.80442],[-122.45127,37.8036],[-122.45264,37.80362],[-122.45643,37.80302],[-122.46036,37.80192],[-122.46155,37.80173],[-122.46302,37.8018],[-122.46796,37.80279],[-122.47078,37.80371],[-122.47299,37.805],[-122.47464,37.80653],[-122.47456,37.8068],[-122.47389,37.80721],[-122.47446,37.80767],[-122.47475,37.80768],[-122.47592,37.8068],[-122.47542,37.80634],[-122.47478,37.80636],[-122.47267,37.80453],[-122.46999,37.80289],[-122.46963,37.80247],[-122.46951,37.80195],[-122.46973,37.79181],[-122.4702,37.79069],[-122.4723,37.78771],[-122.47274,37.78609],[-122.47186,37.77285],[-122.4721,37.77255],[-122.47249,37.77242],[-122.47491,37.77262],[-122.47868,37.77234],[-122.47934,37.77198],[-122.47957,37.77144],[-122.47854,37.7693],[-122.47823,37.76757],[-122.47746,37.76617],[-122.47692,37.76004],[-122.47488,37.73009],[-122.47538,37.72035],[-122.47505,37.7196],[-122.47269,37.71713],[-122.47159,37.71382],[-122.47129,37.71206],[-122.47126,37.70893],[-122.47183,37.70313],[-122.47154,37.69761],[-122.47065,37.69461],[-122.47059,37.69009],[-122.47153,37.68639],[-122.4718,37.68116],[-122.47237,37.67727],[-122.47288,37.67585],[-122.47457,37.67312],[-122.47518,37.67237],[-122.47605,37.67167],[-122.47716,37.67109],[-122.47851,37.67069],[-122.4815,37.67053],[-122.48283,37.6703],[-122.48395,37.66979],[-122.48473,37.66913],[-122.4854,37.66782],[-122.48568,37.66509],[-122.4854,37.66412],[-122.48433,37.66254],[-122.48392,37.66161],[-122.48382,37.66044],[-122.48421,37.65917],[-122.48496,37.65831],[-122.48596,37.65789],[-122.48678,37.65782],[-122.48874,37.65809],[-122.48986,37.65789],[-122.49078,37.65732],[-122.4913,37.6565],[-122.49134,37.65559],[-122.49049,37.65369],[-122.49033,37.65227],[-122.4921,37.64502],[-122.49217,37.64389],[-122.49186,37.64285],[-122.49068,37.64037],[-122.49011,37.63838],[-122.48933,37.628],[-122.48859,37.62666],[-122.4858,37.62368],[-122.48523,37.62245],[-122.48519,37.61975],[-122.48544,37.61639],[-122.4861,37.61494],[-122.48722,37.61385],[-122.48992,37.61203],[-122.4968,37.60786],[-122.498,37.60667],[-122.49859,37.60519],[-122.4983,37.60236],[-122.49876,37.601],[-122.50103,37.5986],[-122.50552,37.59435],[-122.50585,37.59383],[-122.50574,37.59292],[-122.50413,37.591],[-122.5039,37.59051],[-122.50408,37.58985],[-122.50515,37.58881],[-122.50537,37.58832],[-122.50521,37.58773],[-122.50429,37.58667],[-122.5043,37.58601],[-122.50498,37.58548],[-122.50801,37.58478],[-122.50906,37.584],[-122.51584,37.57162],[-122.51596,37.57091],[-122.51579,37.57014],[-122.51389,37.56768],[-122.5126,37.56455],[-122.51266,37.56363],[-122.51363,37.56204],[-122.51311,37.5607],[-122.51313,37.56018],[-122.51339,37.55977],[-122.51446,37.55899],[-122.51463,37.55846],[-122.51439,37.55785],[-122.51344,37.55709],[-122.51298,37.55636],[-122.51198,37.55094],[-122.51191,37.54971],[-122.51248,37.54784],[-122.51605,37.54236],[-122.51771,37.53657],[-122.5179,37.53455],[-122.51742,37.53241],[-122.51632,37.53051],[-122.50788,37.52203],[-122.5056,37.52048],[-122.49447,37.51449],[-122.48297,37.50614],[-122.48121,37.50522],[-122.47807,37.50389],[-122.45568,37.49524],[-122.45393,37.49411],[-122.453,37.49305],[-122.44535,37.48202],[-122.43629,37.4733],[-122.43437,37.47106],[-122.43384,37.46997],[-122.4336,37.46818],[-122.43422,37.46411],[-122.44464,37.4651],[-122.44453,37.46675],[-122.44474,37.4672],[-122.44529,37.46724]]}},
{"type":"Feature","properties":{"id":"d12","tipo":"principal","dia":12,"km":353.2,"horas":5.3,"pontos":["hmb_sb","santa_cruz","monterey","bixby","mcway","ragged_point","morro_bay_sp"],"trechos":[{"de":"hmb_sb","para":"santa_cruz","km":79.8,"min":73},{"de":"santa_cruz","para":"monterey","km":70.1,"min":57},{"de":"monterey","para":"bixby","km":31.1,"min":31},{"de":"bixby","para":"mcway","km":37.9,"min":36},{"de":"mcway","para":"ragged_point","km":60.1,"min":51},{"de":"ragged_point","para":"morro_bay_sp","km":74.2,"min":68}],"obs":"Pela Hwy 1 em Big Sur, reaberta inteira (Carmel a Cambria) em 14/09/2026. Há pare-e-siga em obras. Conferir o Caltrans QuickMap no dia: com chuva forte, a área queimada pode soltar lama e fechar a estrada; aí, plano B (d12b e d13b)."},"geometry":{"type":"LineString","coordinates":[[-122.44529,37.46724],[-122.44553,37.46727],[-122.44569,37.46633],[-122.44485,37.46616],[-122.44459,37.46556],[-122.44464,37.4651],[-122.43422,37.46411],[-122.43457,37.46031],[-122.43436,37.45884],[-122.43127,37.45316],[-122.42925,37.44911],[-122.4288,37.44774],[-122.42674,37.43238],[-122.42634,37.42411],[-122.42553,37.42086],[-122.41916,37.40131],[-122.41852,37.39989],[-122.41696,37.39796],[-122.40716,37.38925],[-122.40624,37.3882],[-122.40562,37.38709],[-122.40453,37.38298],[-122.40376,37.37434],[-122.40389,37.37346],[-122.40464,37.37173],[-122.40488,37.37071],[-122.40472,37.3664],[-122.40428,37.36528],[-122.40357,37.36427],[-122.39958,37.36034],[-122.39786,37.35905],[-122.39716,37.358],[-122.39697,37.35707],[-122.39713,37.35614],[-122.39836,37.35422],[-122.39867,37.35345],[-122.39862,37.35114],[-122.39748,37.34894],[-122.39669,37.34641],[-122.39475,37.34382],[-122.39457,37.34277],[-122.39494,37.34112],[-122.39488,37.34003],[-122.39283,37.33308],[-122.39143,37.33134],[-122.39121,37.33079],[-122.39149,37.32974],[-122.39236,37.32907],[-122.39329,37.32887],[-122.39558,37.32904],[-122.39661,37.32871],[-122.39732,37.32818],[-122.40091,37.32294],[-122.4018,37.32127],[-122.4028,37.31866],[-122.40333,37.31632],[-122.40457,37.30703],[-122.40471,37.29866],[-122.40507,37.29748],[-122.40609,37.2956],[-122.40639,37.29439],[-122.40622,37.29292],[-122.40477,37.28901],[-122.40472,37.28708],[-122.40518,37.28581],[-122.40731,37.28264],[-122.40798,37.28109],[-122.40823,37.27967],[-122.40822,37.2758],[-122.4097,37.26992],[-122.41021,37.2685],[-122.412,37.26507],[-122.41446,37.25446],[-122.41734,37.24808],[-122.41767,37.24649],[-122.41801,37.24234],[-122.41791,37.24119],[-122.41755,37.2402],[-122.41559,37.23725],[-122.41503,37.23441],[-122.4144,37.23296],[-122.40732,37.22441],[-122.40649,37.22297],[-122.40615,37.22137],[-122.4063,37.21574],[-122.40604,37.21382],[-122.40555,37.21244],[-122.40109,37.20282],[-122.40057,37.19811],[-122.39995,37.19617],[-122.39834,37.19378],[-122.39308,37.1869],[-122.39215,37.18574],[-122.3912,37.18497],[-122.38934,37.18426],[-122.38304,37.18361],[-122.37964,37.18268],[-122.36801,37.17645],[-122.36575,37.1752],[-122.36475,37.17444],[-122.36359,37.17289],[-122.36048,37.16504],[-122.35966,37.16344],[-122.35472,37.15642],[-122.34988,37.1512],[-122.34852,37.15004],[-122.3469,37.14914],[-122.34488,37.14837],[-122.32323,37.1412],[-122.32214,37.1407],[-122.32097,37.13983],[-122.3132,37.13146],[-122.31051,37.12831],[-122.30612,37.12138],[-122.30352,37.11639],[-122.3028,37.11539],[-122.30164,37.11441],[-122.2967,37.1115],[-122.29357,37.10838],[-122.29023,37.10588],[-122.28559,37.10273],[-122.28447,37.10157],[-122.28344,37.1],[-122.28206,37.09865],[-122.28066,37.09763],[-122.2776,37.09602],[-122.27523,37.09379],[-122.27424,37.09225],[-122.27362,37.08969],[-122.27289,37.08834],[-122.27207,37.08746],[-122.26839,37.08453],[-122.26376,37.0791],[-122.26143,37.07497],[-122.25599,37.06799],[-122.25168,37.06168],[-122.24689,37.05733],[-122.24246,37.05251],[-122.22807,37.03974],[-122.227,37.0382],[-122.226,37.03536],[-122.22474,37.03386],[-122.21619,37.02846],[-122.21444,37.0272],[-122.20792,37.02067],[-122.20049,37.01414],[-122.1959,37.01157],[-122.18954,37.00858],[-122.18786,37.00763],[-122.18557,37.00587],[-122.17783,36.99869],[-122.168,36.99302],[-122.16393,36.99096],[-122.15032,36.98471],[-122.14916,36.98435],[-122.14565,36.98372],[-122.14065,36.98132],[-122.1353,36.97828],[-122.12624,36.97165],[-122.125,36.97095],[-122.12339,36.97051],[-122.12002,36.97031],[-122.11834,36.96996],[-122.11213,36.96733],[-122.10617,36.96525],[-122.10349,36.9637],[-122.10227,36.96316],[-122.09509,36.9615],[-122.09336,36.96133],[-122.09207,36.96137],[-122.08777,36.96193],[-122.08354,36.9622],[-122.07258,36.96208],[-122.05001,36.96039],[-122.04387,36.96259],[-122.04033,36.96663],[-122.03105,36.96055],[-122.03026,36.96043],[-122.02929,36.96049],[-122.02688,36.96143],[-122.02554,36.96126],[-122.02519,36.96217],[-122.02439,36.96265],[-122.02381,36.96268],[-122.01986,36.96434],[-122.01614,36.96486],[-122.01424,36.96548],[-122.01433,36.96582],[-122.01625,36.96696],[-122.01747,36.96744],[-122.01866,36.9677],[-122.01916,36.96882],[-122.02106,36.9691],[-122.02145,36.96928],[-122.02208,36.9704],[-122.02192,36.97141],[-122.02158,36.97176],[-122.01828,36.97333],[-122.01885,36.9746],[-122.0177,36.97545],[-122.01644,36.97668],[-122.01061,36.97981],[-122.00854,36.98075],[-122.00682,36.98129],[-122.00404,36.98725],[-122.00301,36.98796],[-122.0009,36.98819],[-121.99465,36.98807],[-121.98757,36.98731],[-121.9715,36.98335],[-121.96866,36.98289],[-121.96265,36.98268],[-121.94774,36.98394],[-121.93357,36.98389],[-121.9316,36.98376],[-121.92056,36.98223],[-121.91803,36.98164],[-121.91597,36.9808],[-121.90712,36.97618],[-121.90501,36.97546],[-121.89936,36.97482],[-121.88924,36.97536],[-121.8873,36.97516],[-121.88543,36.97471],[-121.87464,36.97092],[-121.87209,36.96952],[-121.85403,36.95206],[-121.85075,36.94911],[-121.84623,36.94569],[-121.83715,36.93975],[-121.83533,36.93885],[-121.83368,36.93823],[-121.80711,36.93022],[-121.80488,36.92913],[-121.79246,36.92167],[-121.79124,36.92062],[-121.79026,36.91942],[-121.77451,36.89471],[-121.77402,36.89319],[-121.77202,36.88062],[-121.77021,36.87162],[-121.77029,36.8694],[-121.7709,36.86664],[-121.77108,36.86483],[-121.77102,36.83109],[-121.77135,36.83002],[-121.77206,36.82897],[-121.77669,36.82507],[-121.7784,36.82407],[-121.78372,36.82179],[-121.78469,36.82115],[-121.78532,36.8205],[-121.78576,36.81972],[-121.78598,36.81896],[-121.786,36.81801],[-121.7855,36.81195],[-121.78418,36.80857],[-121.78376,36.8063],[-121.78384,36.80316],[-121.78318,36.79917],[-121.78373,36.79235],[-121.78366,36.79126],[-121.78051,36.78347],[-121.77976,36.78226],[-121.77797,36.78055],[-121.77289,36.77632],[-121.76618,36.7717],[-121.7656,36.77107],[-121.76527,36.77038],[-121.7651,36.76745],[-121.76584,36.75987],[-121.76567,36.75614],[-121.7659,36.7546],[-121.76633,36.75335],[-121.76696,36.75216],[-121.76876,36.74962],[-121.77842,36.73648],[-121.78833,36.72705],[-121.79144,36.72311],[-121.79317,36.72003],[-121.79539,36.71421],[-121.79648,36.71191],[-121.80805,36.69147],[-121.80882,36.68922],[-121.8091,36.68663],[-121.80885,36.6843],[-121.8077,36.68],[-121.8077,36.67868],[-121.80794,36.67745],[-121.80878,36.67563],[-121.81138,36.67252],[-121.81491,36.66648],[-121.81572,36.66477],[-121.81639,36.66248],[-121.81681,36.65779],[-121.81675,36.65596],[-121.8163,36.65398],[-121.81511,36.65108],[-121.81493,36.64991],[-121.81528,36.6481],[-121.81635,36.64651],[-121.81816,36.64522],[-121.8217,36.64389],[-121.82393,36.6428],[-121.82572,36.64166],[-121.82734,36.64038],[-121.83756,36.62922],[-121.84019,36.62545],[-121.84154,36.62446],[-121.84402,36.62345],[-121.84529,36.62264],[-121.84617,36.6217],[-121.84787,36.61912],[-121.85093,36.61556],[-121.85539,36.61192],[-121.85897,36.60969],[-121.85988,36.60892],[-121.86103,36.60715],[-121.86139,36.60525],[-121.8618,36.60448],[-121.86435,36.60311],[-121.86906,36.60092],[-121.86989,36.6007],[-121.87293,36.60045],[-121.87526,36.59987],[-121.8763,36.5998],[-121.8873,36.59996],[-121.89227,36.60085],[-121.89484,36.60473],[-121.89489,36.60528],[-121.89443,36.60658],[-121.89457,36.60712],[-121.89489,36.60748],[-121.89582,36.60802],[-121.90092,36.61403],[-121.90013,36.61446],[-121.90157,36.61615],[-121.90013,36.61446],[-121.90173,36.61358],[-121.89748,36.60854],[-121.89515,36.60753],[-121.89468,36.60705],[-121.89457,36.60648],[-121.895,36.60535],[-121.89499,36.60481],[-121.89309,36.60171],[-121.89304,36.60132],[-121.89347,36.59982],[-121.89257,36.59967],[-121.89294,36.59831],[-121.89209,36.59591],[-121.89231,36.59414],[-121.89255,36.5937],[-121.89919,36.58763],[-121.89973,36.58696],[-121.90169,36.58357],[-121.90385,36.58088],[-121.9066,36.57881],[-121.91149,36.57578],[-121.91239,36.57485],[-121.91294,36.57377],[-121.9131,36.57259],[-121.91269,36.56856],[-121.91298,36.56639],[-121.91271,36.56566],[-121.91176,36.56431],[-121.91148,36.56364],[-121.91145,36.563],[-121.91176,36.5614],[-121.91162,36.55887],[-121.90954,36.54577],[-121.90927,36.54492],[-121.90824,36.54303],[-121.90826,36.54191],[-121.90864,36.54123],[-121.91096,36.53848],[-121.91196,36.53677],[-121.91442,36.53437],[-121.91863,36.52947],[-121.92712,36.52247],[-121.9288,36.5214],[-121.93331,36.51916],[-121.935,36.51798],[-121.93669,36.51602],[-121.93783,36.51348],[-121.93805,36.51182],[-121.93802,36.51001],[-121.9375,36.50911],[-121.93628,36.50814],[-121.93599,36.50773],[-121.93594,36.50727],[-121.93621,36.50568],[-121.93777,36.50403],[-121.93785,36.5035],[-121.93765,36.5028],[-121.93814,36.50166],[-121.93713,36.4999],[-121.9359,36.49886],[-121.93566,36.49826],[-121.93663,36.49677],[-121.93767,36.49423],[-121.93766,36.49293],[-121.93825,36.49161],[-121.93824,36.49026],[-121.93772,36.48782],[-121.9378,36.48482],[-121.93712,36.48284],[-121.93712,36.48026],[-121.93627,36.47811],[-121.93526,36.47269],[-121.93433,36.47107],[-121.9332,36.46995],[-121.93216,36.46902],[-121.93,36.46773],[-121.92902,36.46675],[-121.92548,36.46172],[-121.92469,36.46016],[-121.92414,36.45821],[-121.92389,36.45545],[-121.92403,36.45443],[-121.92459,36.45314],[-121.92597,36.45161],[-121.92636,36.45094],[-121.9266,36.44982],[-121.92638,36.44883],[-121.91921,36.4362],[-121.91794,36.433],[-121.91709,36.43177],[-121.91503,36.42959],[-121.91363,36.42769],[-121.91265,36.42536],[-121.91244,36.42436],[-121.91232,36.42272],[-121.91257,36.42081],[-121.91436,36.41562],[-121.91394,36.41234],[-121.9146,36.41087],[-121.9146,36.41015],[-121.91426,36.40962],[-121.9112,36.40662],[-121.90953,36.40333],[-121.90718,36.4017],[-121.90461,36.39934],[-121.90388,36.39841],[-121.90329,36.39712],[-121.90029,36.38469],[-121.90017,36.38324],[-121.9006,36.3817],[-121.90142,36.38037],[-121.90392,36.37784],[-121.90407,36.37672],[-121.90479,36.37556],[-121.90476,36.37482],[-121.90497,36.37399],[-121.90484,36.37349],[-121.90456,36.37322],[-121.90259,36.3725],[-121.90215,36.37206],[-121.90159,36.37061],[-121.90186,36.3693],[-121.90021,36.36745],[-121.89939,36.36495],[-121.89946,36.3642],[-121.90026,36.36267],[-121.90055,36.36115],[-121.90057,36.36023],[-121.90018,36.35928],[-121.90028,36.35867],[-121.90085,36.35805],[-121.90253,36.3575],[-121.9027,36.35696],[-121.90217,36.35602],[-121.90124,36.35342],[-121.90042,36.35296],[-121.89985,36.35238],[-121.8983,36.35216],[-121.89782,36.3519],[-121.89778,36.35092],[-121.89698,36.34975],[-121.89651,36.34836],[-121.89608,36.34763],[-121.89507,36.3469],[-121.89454,36.34588],[-121.89362,36.34545],[-121.89303,36.34476],[-121.89194,36.34412],[-121.8919,36.34286],[-121.89136,36.34215],[-121.8907,36.34076],[-121.89122,36.339],[-121.89123,36.33826],[-121.89155,36.33748],[-121.89147,36.33664],[-121.88974,36.33537],[-121.88605,36.33391],[-121.88565,36.33364],[-121.88534,36.33314],[-121.8854,36.3325],[-121.88561,36.33217],[-121.88638,36.33172],[-121.88844,36.33176],[-121.88991,36.33206],[-121.8908,36.33186],[-121.89425,36.32713],[-121.89423,36.32638],[-121.89366,36.32542],[-121.89384,36.32414],[-121.89299,36.32315],[-121.89313,36.32196],[-121.89256,36.32072],[-121.89242,36.3189],[-121.89147,36.31615],[-121.89062,36.31483],[-121.88034,36.30321],[-121.87857,36.30161],[-121.87573,36.29983],[-121.85375,36.28917],[-121.85201,36.28879],[-121.8466,36.28889],[-121.8449,36.28862],[-121.84377,36.28827],[-121.84203,36.28717],[-121.84127,36.28633],[-121.84057,36.28512],[-121.83986,36.28449],[-121.83902,36.28406],[-121.83352,36.28221],[-121.82511,36.27608],[-121.82338,36.27553],[-121.82095,36.27552],[-121.81937,36.27509],[-121.81776,36.27348],[-121.81649,36.27276],[-121.81528,36.27255],[-121.81361,36.27281],[-121.81214,36.27279],[-121.80956,36.27184],[-121.80826,36.27085],[-121.80721,36.2692],[-121.80455,36.26774],[-121.80312,36.26571],[-121.80231,36.26494],[-121.80143,36.26444],[-121.79977,36.26412],[-121.79593,36.26431],[-121.79498,36.2639],[-121.79449,36.26329],[-121.79348,36.26138],[-121.79292,36.26085],[-121.79236,36.26058],[-121.78975,36.2599],[-121.78871,36.25907],[-121.78838,36.25836],[-121.7883,36.25548],[-121.78744,36.25376],[-121.7872,36.25159],[-121.78681,36.25077],[-121.78567,36.24962],[-121.783,36.24843],[-121.78206,36.24776],[-121.78164,36.24725],[-121.78077,36.24473],[-121.77934,36.24307],[-121.77862,36.24164],[-121.77788,36.24079],[-121.77706,36.24019],[-121.77531,36.23936],[-121.77397,36.23887],[-121.77192,36.23836],[-121.7689,36.23617],[-121.76778,36.23471],[-121.7667,36.23243],[-121.7656,36.23139],[-121.76485,36.23025],[-121.76474,36.22836],[-121.7639,36.22722],[-121.76281,36.22661],[-121.76236,36.22579],[-121.76204,36.22553],[-121.76127,36.22541],[-121.76025,36.22567],[-121.75939,36.22502],[-121.75826,36.22465],[-121.75812,36.2241],[-121.75907,36.22313],[-121.75905,36.22261],[-121.75874,36.2224],[-121.75744,36.22226],[-121.75596,36.22131],[-121.75421,36.22066],[-121.75409,36.22009],[-121.75476,36.21925],[-121.75471,36.21868],[-121.75431,36.21834],[-121.75322,36.21799],[-121.75193,36.21727],[-121.75043,36.21717],[-121.75014,36.21679],[-121.75065,36.2154],[-121.75036,36.21494],[-121.7489,36.21453],[-121.74773,36.21443],[-121.74735,36.21417],[-121.74682,36.21345],[-121.74449,36.21236],[-121.74392,36.21221],[-121.74311,36.21252],[-121.74265,36.21246],[-121.7424,36.21216],[-121.74219,36.21124],[-121.74185,36.21069],[-121.73955,36.21001],[-121.7376,36.20822],[-121.73729,36.2082],[-121.7364,36.20859],[-121.73548,36.20847],[-121.73453,36.20872],[-121.73402,36.20855],[-121.73392,36.20808],[-121.73436,36.20711],[-121.73539,36.20589],[-121.73522,36.20533],[-121.73427,36.20484],[-121.73295,36.20461],[-121.73185,36.2051],[-121.73121,36.20501],[-121.73063,36.20441],[-121.7295,36.20362],[-121.72901,36.20212],[-121.72858,36.20172],[-121.72808,36.20162],[-121.72702,36.20202],[-121.72617,36.20199],[-121.72567,36.20177],[-121.72523,36.201],[-121.7247,36.20069],[-121.72253,36.20049],[-121.72057,36.19981],[-121.7193,36.19886],[-121.71786,36.19838],[-121.71718,36.19708],[-121.71538,36.19654],[-121.71467,36.19601],[-121.71417,36.19541],[-121.7137,36.19517],[-121.71292,36.19535],[-121.71192,36.19664],[-121.71152,36.19676],[-121.71112,36.19663],[-121.71064,36.19553],[-121.71085,36.19388],[-121.71078,36.19267],[-121.71043,36.19235],[-121.70946,36.19199],[-121.70891,36.19138],[-121.70767,36.19069],[-121.70599,36.18843],[-121.70571,36.18728],[-121.70474,36.18652],[-121.70377,36.1861],[-121.70183,36.18479],[-121.70023,36.18281],[-121.69991,36.18208],[-121.69984,36.18025],[-121.69868,36.17823],[-121.69864,36.17728],[-121.69845,36.17691],[-121.69791,36.17678],[-121.69718,36.17709],[-121.69641,36.17717],[-121.6954,36.17692],[-121.69423,36.17715],[-121.69376,36.17709],[-121.69338,36.17677],[-121.69332,36.17637],[-121.69411,36.17553],[-121.69419,36.175],[-121.69395,36.17474],[-121.69294,36.17431],[-121.69228,36.17344],[-121.69039,36.173],[-121.68916,36.17204],[-121.68803,36.17197],[-121.68723,36.17173],[-121.6856,36.1706],[-121.68478,36.16984],[-121.68332,36.1697],[-121.68231,36.16899],[-121.67922,36.16815],[-121.6784,36.16774],[-121.67592,36.16511],[-121.67437,36.16401],[-121.6739,36.16349],[-121.6735,36.16231],[-121.67282,36.16144],[-121.67248,36.15998],[-121.67103,36.1592],[-121.67051,36.1587],[-121.67031,36.15798],[-121.67049,36.15698],[-121.67014,36.1563],[-121.66602,36.1537],[-121.66533,36.15307],[-121.66321,36.15041],[-121.66235,36.14964],[-121.66103,36.14866],[-121.65927,36.14793],[-121.65798,36.14704],[-121.65733,36.14576],[-121.65675,36.14504],[-121.64731,36.13582],[-121.64357,36.12963],[-121.64247,36.12843],[-121.64073,36.12707],[-121.63821,36.1257],[-121.63417,36.12282],[-121.63077,36.1207],[-121.63033,36.11965],[-121.63004,36.11752],[-121.62953,36.11606],[-121.62912,36.11407],[-121.62851,36.11246],[-121.62718,36.1104],[-121.62537,36.10925],[-121.62466,36.10783],[-121.62336,36.10679],[-121.62245,36.10459],[-121.62118,36.10297],[-121.62046,36.10108],[-121.62033,36.09899],[-121.61968,36.09733],[-121.61939,36.09486],[-121.61876,36.09331],[-121.61846,36.09165],[-121.61751,36.09015],[-121.61776,36.08883],[-121.6176,36.08722],[-121.61738,36.08668],[-121.61684,36.0862],[-121.61524,36.08565],[-121.61384,36.0841],[-121.61346,36.08348],[-121.61334,36.08281],[-121.61251,36.08134],[-121.61117,36.07968],[-121.61058,36.07867],[-121.60706,36.07662],[-121.60641,36.0761],[-121.60625,36.0753],[-121.60663,36.07394],[-121.60566,36.07237],[-121.60173,36.07051],[-121.59875,36.06965],[-121.59512,36.06724],[-121.5925,36.06611],[-121.59207,36.06575],[-121.59121,36.06367],[-121.59122,36.06129],[-121.59003,36.05656],[-121.58938,36.0557],[-121.58793,36.05488],[-121.58762,36.05426],[-121.58746,36.05149],[-121.58783,36.05107],[-121.58958,36.05009],[-121.58979,36.04967],[-121.58972,36.04923],[-121.5882,36.04814],[-121.58639,36.04648],[-121.58372,36.04338],[-121.58099,36.04062],[-121.5796,36.03725],[-121.57582,36.0319],[-121.5746,36.03043],[-121.57269,36.02616],[-121.57096,36.02416],[-121.56943,36.02314],[-121.56557,36.02141],[-121.56465,36.02117],[-121.56102,36.0219],[-121.55917,36.02177],[-121.5546,36.022],[-121.55286,36.0216],[-121.55195,36.02077],[-121.55147,36.02055],[-121.55064,36.02057],[-121.54861,36.02095],[-121.54529,36.02038],[-121.54277,36.02052],[-121.53856,36.01921],[-121.53622,36.01831],[-121.53462,36.01684],[-121.5333,36.01621],[-121.52919,36.01518],[-121.52852,36.01489],[-121.52777,36.01431],[-121.52402,36.01017],[-121.52354,36.0099],[-121.52267,36.00971],[-121.52039,36.00958],[-121.51886,36.00901],[-121.51801,36.00847],[-121.51522,36.00788],[-121.51333,36.00777],[-121.51148,36.00712],[-121.50918,36.00567],[-121.50691,36.00386],[-121.50507,36.00276],[-121.50299,36.00112],[-121.50138,36.00018],[-121.49825,35.99651],[-121.49632,35.99222],[-121.49414,35.98866],[-121.4927,35.98528],[-121.49148,35.98406],[-121.49022,35.98167],[-121.49005,35.9812],[-121.4901,35.98006],[-121.48924,35.97875],[-121.48751,35.97373],[-121.48478,35.97077],[-121.48359,35.96861],[-121.48347,35.96744],[-121.48413,35.96524],[-121.48381,35.96177],[-121.48246,35.95959],[-121.48169,35.95775],[-121.48134,35.95392],[-121.48055,35.95178],[-121.47041,35.9372],[-121.46942,35.93528],[-121.46851,35.93099],[-121.46633,35.92538],[-121.46604,35.92352],[-121.46616,35.92198],[-121.46668,35.92035],[-121.46893,35.91704],[-121.46919,35.91638],[-121.4692,35.91545],[-121.46904,35.91481],[-121.46831,35.91373],[-121.46285,35.90712],[-121.46217,35.90556],[-121.46113,35.90453],[-121.4611,35.90405],[-121.46142,35.90318],[-121.46267,35.90118],[-121.46278,35.90058],[-121.46237,35.8998],[-121.4609,35.89905],[-121.4604,35.89861],[-121.45993,35.89783],[-121.45972,35.89698],[-121.45975,35.89605],[-121.46039,35.89458],[-121.46068,35.89274],[-121.46068,35.89122],[-121.46121,35.88975],[-121.46115,35.88926],[-121.46058,35.88832],[-121.46038,35.88711],[-121.45546,35.88284],[-121.45328,35.88221],[-121.45218,35.88171],[-121.44767,35.87769],[-121.44644,35.87655],[-121.44561,35.87549],[-121.44427,35.87266],[-121.44376,35.87206],[-121.44299,35.87169],[-121.43989,35.87103],[-121.43906,35.87066],[-121.43621,35.86779],[-121.43551,35.86663],[-121.43404,35.86605],[-121.43288,35.86529],[-121.43162,35.86402],[-121.4294,35.8632],[-121.42827,35.86208],[-121.42463,35.86007],[-121.41671,35.85848],[-121.41501,35.85774],[-121.4128,35.85621],[-121.4117,35.855],[-121.41143,35.85386],[-121.41014,35.85296],[-121.40941,35.85082],[-121.4083,35.85011],[-121.40761,35.84932],[-121.4072,35.84841],[-121.40702,35.84666],[-121.40663,35.84633],[-121.40557,35.84605],[-121.40558,35.84485],[-121.40521,35.84433],[-121.40123,35.84207],[-121.40088,35.84142],[-121.40104,35.84043],[-121.40089,35.83998],[-121.39991,35.83968],[-121.39788,35.83746],[-121.39621,35.83665],[-121.39502,35.83579],[-121.39413,35.83577],[-121.39285,35.83633],[-121.39208,35.83619],[-121.39199,35.83576],[-121.39297,35.83487],[-121.39312,35.8345],[-121.39289,35.83408],[-121.39191,35.83348],[-121.39192,35.83243],[-121.39069,35.8314],[-121.38965,35.83088],[-121.38893,35.82954],[-121.38692,35.82808],[-121.38585,35.82638],[-121.3851,35.82593],[-121.38252,35.82557],[-121.38099,35.82437],[-121.38015,35.82323],[-121.37936,35.82293],[-121.37836,35.82294],[-121.37784,35.82273],[-121.37753,35.82146],[-121.37718,35.82108],[-121.37645,35.82113],[-121.37571,35.82181],[-121.37501,35.82185],[-121.37437,35.82168],[-121.37406,35.82115],[-121.37452,35.81991],[-121.37385,35.81918],[-121.3739,35.81814],[-121.37375,35.81784],[-121.37325,35.81759],[-121.37122,35.81742],[-121.37057,35.8171],[-121.37005,35.81639],[-121.36987,35.81472],[-121.36968,35.81432],[-121.36927,35.81414],[-121.36742,35.81393],[-121.36674,35.81364],[-121.36636,35.8131],[-121.36626,35.81202],[-121.36595,35.8117],[-121.36518,35.81146],[-121.36411,35.81167],[-121.36266,35.81153],[-121.36216,35.8116],[-121.36183,35.8119],[-121.36106,35.81377],[-121.36012,35.81447],[-121.35919,35.81563],[-121.35893,35.81571],[-121.35867,35.81561],[-121.35857,35.81533],[-121.35891,35.81429],[-121.35861,35.81176],[-121.35905,35.81068],[-121.35959,35.81001],[-121.36003,35.80959],[-121.36079,35.80922],[-121.36058,35.80862],[-121.35685,35.80682],[-121.35621,35.80614],[-121.35519,35.80593],[-121.35366,35.80599],[-121.35312,35.80585],[-121.35241,35.80522],[-121.35224,35.80449],[-121.35143,35.80354],[-121.35107,35.80356],[-121.34999,35.80416],[-121.3496,35.8041],[-121.34942,35.80339],[-121.34896,35.80296],[-121.3491,35.80229],[-121.3486,35.8013],[-121.34799,35.80077],[-121.34774,35.80031],[-121.34775,35.79866],[-121.34743,35.79857],[-121.34691,35.79876],[-121.34645,35.7993],[-121.34616,35.79919],[-121.3461,35.7984],[-121.34668,35.79753],[-121.34677,35.79713],[-121.34584,35.79618],[-121.34515,35.79503],[-121.34472,35.79481],[-121.34379,35.79479],[-121.34243,35.79424],[-121.34173,35.79433],[-121.34165,35.79316],[-121.34086,35.79272],[-121.34036,35.79224],[-121.33953,35.79098],[-121.33942,35.7904],[-121.33896,35.78958],[-121.33844,35.78896],[-121.33762,35.7883],[-121.33666,35.78852],[-121.33549,35.78842],[-121.33486,35.78756],[-121.3342,35.78704],[-121.33399,35.78578],[-121.33326,35.78528],[-121.33292,35.78442],[-121.32956,35.78229],[-121.32941,35.78195],[-121.32956,35.78028],[-121.33077,35.78054],[-121.32956,35.78028],[-121.32748,35.776],[-121.32619,35.77453],[-121.32582,35.77355],[-121.32516,35.77317],[-121.325,35.77248],[-121.32429,35.77173],[-121.32416,35.77106],[-121.32336,35.76969],[-121.32279,35.76923],[-121.3218,35.76971],[-121.32145,35.7696],[-121.32204,35.76866],[-121.32218,35.76809],[-121.32258,35.7677],[-121.32266,35.76686],[-121.31994,35.76503],[-121.3194,35.76443],[-121.31896,35.76348],[-121.31888,35.76274],[-121.31925,35.76218],[-121.32074,35.76165],[-121.32136,35.76115],[-121.32155,35.76044],[-121.32136,35.75984],[-121.32075,35.75929],[-121.31608,35.75651],[-121.3126,35.75369],[-121.31205,35.75302],[-121.3118,35.75241],[-121.31184,35.74828],[-121.31471,35.72819],[-121.31469,35.72717],[-121.31327,35.725],[-121.31085,35.72317],[-121.31007,35.72227],[-121.30394,35.71191],[-121.30373,35.71134],[-121.30362,35.71002],[-121.30444,35.70553],[-121.30395,35.70378],[-121.30353,35.70304],[-121.30235,35.70187],[-121.30133,35.70124],[-121.29517,35.69884],[-121.29349,35.69779],[-121.28724,35.69082],[-121.28677,35.68952],[-121.28694,35.68765],[-121.28677,35.6866],[-121.28518,35.68427],[-121.28494,35.68342],[-121.285,35.6786],[-121.28466,35.6771],[-121.28407,35.67583],[-121.28345,35.675],[-121.2808,35.67243],[-121.27832,35.67021],[-121.27721,35.66971],[-121.27112,35.66749],[-121.26672,35.66649],[-121.26269,35.66494],[-121.26004,35.66448],[-121.25666,35.66312],[-121.25301,35.66048],[-121.25148,35.65872],[-121.24597,35.65588],[-121.24397,35.65444],[-121.24291,35.65396],[-121.24101,35.65364],[-121.23786,35.65395],[-121.23666,35.65393],[-121.23212,35.65261],[-121.23056,35.65242],[-121.22166,35.65327],[-121.21727,35.65313],[-121.2139,35.65274],[-121.21075,35.65146],[-121.20981,35.65124],[-121.2089,35.65128],[-121.20661,35.65188],[-121.2048,35.65181],[-121.19224,35.64655],[-121.18124,35.64221],[-121.17431,35.64029],[-121.16651,35.63669],[-121.16571,35.63618],[-121.16466,35.63518],[-121.15895,35.62759],[-121.15609,35.62452],[-121.15467,35.62245],[-121.15313,35.62059],[-121.12795,35.59916],[-121.12705,35.59821],[-121.1262,35.59683],[-121.1233,35.58943],[-121.1219,35.58649],[-121.12113,35.58551],[-121.11264,35.57662],[-121.11188,35.57536],[-121.11101,35.57285],[-121.10976,35.57129],[-121.10904,35.57073],[-121.10775,35.57008],[-121.10393,35.56893],[-121.10374,35.56916],[-121.10155,35.56818],[-121.09519,35.56399],[-121.09368,35.5633],[-121.09202,35.56287],[-121.09054,35.56272],[-121.08889,35.56278],[-121.08326,35.56381],[-121.08121,35.56447],[-121.08037,35.56531],[-121.07918,35.56606],[-121.07677,35.56668],[-121.07563,35.56639],[-121.07412,35.56548],[-121.07304,35.5628],[-121.07274,35.56086],[-121.073,35.5593],[-121.07287,35.55649],[-121.07327,35.55477],[-121.07323,35.55425],[-121.07309,35.55368],[-121.07233,35.55238],[-121.07148,35.55162],[-121.07157,35.55131],[-121.0641,35.54452],[-121.06261,35.54353],[-121.05889,35.54149],[-121.05326,35.537],[-121.05234,35.536],[-121.04941,35.53184],[-121.04481,35.52719],[-121.04427,35.52647],[-121.04302,35.52406],[-121.04223,35.52308],[-121.04126,35.52231],[-121.03559,35.51875],[-121.02853,35.51137],[-121.02697,35.51024],[-121.01527,35.50297],[-121.01013,35.49849],[-121.00469,35.4943],[-121.00404,35.49347],[-121.0027,35.49095],[-120.99897,35.48676],[-120.99608,35.48186],[-120.99459,35.48031],[-120.99169,35.47816],[-120.98979,35.47549],[-120.98855,35.47434],[-120.98701,35.47359],[-120.98376,35.47288],[-120.98203,35.47209],[-120.97764,35.46926],[-120.97238,35.46538],[-120.95622,35.45583],[-120.95481,35.4552],[-120.9432,35.45113],[-120.94067,35.45074],[-120.9248,35.44935],[-120.92068,35.4496],[-120.91314,35.4505],[-120.91138,35.45112],[-120.90894,35.45263],[-120.90743,35.45316],[-120.90617,35.45336],[-120.90442,35.45333],[-120.90321,35.45308],[-120.9021,35.45262],[-120.90099,35.45191],[-120.89668,35.44742],[-120.89569,35.44668],[-120.89311,35.44521],[-120.8922,35.44443],[-120.88829,35.43924],[-120.88754,35.4379],[-120.88537,35.43269],[-120.88134,35.42797],[-120.87842,35.42296],[-120.87695,35.41975],[-120.8734,35.41341],[-120.87225,35.40972],[-120.87171,35.40856],[-120.86767,35.40403],[-120.86438,35.40107],[-120.86251,35.39849],[-120.85708,35.38454],[-120.8545,35.37684],[-120.8532,35.37475],[-120.85189,35.37337],[-120.85142,35.37311],[-120.85114,35.3724],[-120.85017,35.37127],[-120.84999,35.36993],[-120.84997,35.36021],[-120.84953,35.359],[-120.84844,35.35756],[-120.84659,35.35616],[-120.84489,35.35596],[-120.84435,35.35553],[-120.84381,35.35446],[-120.84361,35.35228],[-120.84321,35.35096],[-120.84334,35.34813],[-120.84307,35.3472],[-120.84208,35.3465],[-120.84165,35.34669],[-120.84125,35.34646],[-120.84046,35.34686],[-120.83976,35.34776]]}},
{"type":"Feature","properties":{"id":"d12b","tipo":"planoB","dia":12,"km":545.5,"horas":7.3,"pontos":["hmb_sb","santa_cruz","monterey","salinas","solvang","santa_barbara"],"trechos":[{"de":"hmb_sb","para":"santa_cruz","km":79.8,"min":73},{"de":"santa_cruz","para":"monterey","km":70.1,"min":57},{"de":"monterey","para":"salinas","km":33,"min":31},{"de":"salinas","para":"solvang","km":308.9,"min":225},{"de":"solvang","para":"santa_barbara","km":53.7,"min":50}],"obs":"Plano B se a Hwy 1 fechar (por exemplo, com chuva forte sobre a área queimada): de Monterey pela CA-68 e US-101 (Salinas, Paso Robles, San Luis Obispo) até Solvang; dali a Santa Bárbara pela CA-154."},"geometry":{"type":"LineString","coordinates":[[-122.44529,37.46724],[-122.44553,37.46727],[-122.44569,37.46633],[-122.44485,37.46616],[-122.44459,37.46556],[-122.44464,37.4651],[-122.43422,37.46411],[-122.43457,37.46031],[-122.43436,37.45884],[-122.43127,37.45316],[-122.42925,37.44911],[-122.4288,37.44774],[-122.42674,37.43238],[-122.42634,37.42411],[-122.42553,37.42086],[-122.41916,37.40131],[-122.41852,37.39989],[-122.41696,37.39796],[-122.40716,37.38925],[-122.40624,37.3882],[-122.40562,37.38709],[-122.40453,37.38298],[-122.40376,37.37434],[-122.40389,37.37346],[-122.40464,37.37173],[-122.40488,37.37071],[-122.40472,37.3664],[-122.40428,37.36528],[-122.40357,37.36427],[-122.39958,37.36034],[-122.39786,37.35905],[-122.39716,37.358],[-122.39697,37.35707],[-122.39713,37.35614],[-122.39836,37.35422],[-122.39867,37.35345],[-122.39862,37.35114],[-122.39748,37.34894],[-122.39669,37.34641],[-122.39475,37.34382],[-122.39457,37.34277],[-122.39494,37.34112],[-122.39488,37.34003],[-122.39283,37.33308],[-122.39143,37.33134],[-122.39121,37.33079],[-122.39149,37.32974],[-122.39236,37.32907],[-122.39329,37.32887],[-122.39558,37.32904],[-122.39661,37.32871],[-122.39732,37.32818],[-122.40091,37.32294],[-122.4018,37.32127],[-122.4028,37.31866],[-122.40333,37.31632],[-122.40457,37.30703],[-122.40471,37.29866],[-122.40507,37.29748],[-122.40609,37.2956],[-122.40639,37.29439],[-122.40622,37.29292],[-122.40477,37.28901],[-122.40472,37.28708],[-122.40518,37.28581],[-122.40731,37.28264],[-122.40798,37.28109],[-122.40823,37.27967],[-122.40822,37.2758],[-122.4097,37.26992],[-122.41021,37.2685],[-122.412,37.26507],[-122.41446,37.25446],[-122.41734,37.24808],[-122.41767,37.24649],[-122.41801,37.24234],[-122.41791,37.24119],[-122.41755,37.2402],[-122.41559,37.23725],[-122.41503,37.23441],[-122.4144,37.23296],[-122.40732,37.22441],[-122.40649,37.22297],[-122.40615,37.22137],[-122.4063,37.21574],[-122.40604,37.21382],[-122.40555,37.21244],[-122.40109,37.20282],[-122.40057,37.19811],[-122.39995,37.19617],[-122.39834,37.19378],[-122.39308,37.1869],[-122.39215,37.18574],[-122.3912,37.18497],[-122.38934,37.18426],[-122.38304,37.18361],[-122.37964,37.18268],[-122.36801,37.17645],[-122.36575,37.1752],[-122.36475,37.17444],[-122.36359,37.17289],[-122.36048,37.16504],[-122.35966,37.16344],[-122.35472,37.15642],[-122.34988,37.1512],[-122.34852,37.15004],[-122.3469,37.14914],[-122.34488,37.14837],[-122.32323,37.1412],[-122.32214,37.1407],[-122.32097,37.13983],[-122.3132,37.13146],[-122.31051,37.12831],[-122.30612,37.12138],[-122.30352,37.11639],[-122.3028,37.11539],[-122.30164,37.11441],[-122.2967,37.1115],[-122.29357,37.10838],[-122.29023,37.10588],[-122.28559,37.10273],[-122.28447,37.10157],[-122.28344,37.1],[-122.28206,37.09865],[-122.28066,37.09763],[-122.2776,37.09602],[-122.27523,37.09379],[-122.27424,37.09225],[-122.27362,37.08969],[-122.27289,37.08834],[-122.27207,37.08746],[-122.26839,37.08453],[-122.26376,37.0791],[-122.26143,37.07497],[-122.25599,37.06799],[-122.25168,37.06168],[-122.24689,37.05733],[-122.24246,37.05251],[-122.22807,37.03974],[-122.227,37.0382],[-122.226,37.03536],[-122.22474,37.03386],[-122.21619,37.02846],[-122.21444,37.0272],[-122.20792,37.02067],[-122.20049,37.01414],[-122.1959,37.01157],[-122.18954,37.00858],[-122.18786,37.00763],[-122.18557,37.00587],[-122.17783,36.99869],[-122.168,36.99302],[-122.16393,36.99096],[-122.15032,36.98471],[-122.14916,36.98435],[-122.14565,36.98372],[-122.14065,36.98132],[-122.1353,36.97828],[-122.12624,36.97165],[-122.125,36.97095],[-122.12339,36.97051],[-122.12002,36.97031],[-122.11834,36.96996],[-122.11213,36.96733],[-122.10617,36.96525],[-122.10349,36.9637],[-122.10227,36.96316],[-122.09509,36.9615],[-122.09336,36.96133],[-122.09207,36.96137],[-122.08777,36.96193],[-122.08354,36.9622],[-122.07258,36.96208],[-122.05001,36.96039],[-122.04387,36.96259],[-122.04033,36.96663],[-122.03105,36.96055],[-122.03026,36.96043],[-122.02929,36.96049],[-122.02688,36.96143],[-122.02554,36.96126],[-122.02519,36.96217],[-122.02439,36.96265],[-122.02381,36.96268],[-122.01986,36.96434],[-122.01614,36.96486],[-122.01424,36.96548],[-122.01433,36.96582],[-122.01625,36.96696],[-122.01747,36.96744],[-122.01866,36.9677],[-122.01916,36.96882],[-122.02106,36.9691],[-122.02145,36.96928],[-122.02208,36.9704],[-122.02192,36.97141],[-122.02158,36.97176],[-122.01828,36.97333],[-122.01885,36.9746],[-122.0177,36.97545],[-122.01644,36.97668],[-122.01061,36.97981],[-122.00854,36.98075],[-122.00682,36.98129],[-122.00404,36.98725],[-122.00301,36.98796],[-122.0009,36.98819],[-121.99465,36.98807],[-121.98757,36.98731],[-121.9715,36.98335],[-121.96866,36.98289],[-121.96265,36.98268],[-121.94774,36.98394],[-121.93357,36.98389],[-121.9316,36.98376],[-121.92056,36.98223],[-121.91803,36.98164],[-121.91597,36.9808],[-121.90712,36.97618],[-121.90501,36.97546],[-121.89936,36.97482],[-121.88924,36.97536],[-121.8873,36.97516],[-121.88543,36.97471],[-121.87464,36.97092],[-121.87209,36.96952],[-121.85403,36.95206],[-121.85075,36.94911],[-121.84623,36.94569],[-121.83715,36.93975],[-121.83533,36.93885],[-121.83368,36.93823],[-121.80711,36.93022],[-121.80488,36.92913],[-121.79246,36.92167],[-121.79124,36.92062],[-121.79026,36.91942],[-121.77511,36.89578],[-121.77445,36.89459],[-121.77405,36.89332],[-121.77202,36.88062],[-121.77021,36.87162],[-121.77029,36.8694],[-121.7709,36.86664],[-121.77108,36.86483],[-121.77102,36.83109],[-121.77135,36.83002],[-121.77206,36.82897],[-121.77669,36.82507],[-121.7784,36.82407],[-121.78372,36.82179],[-121.78469,36.82115],[-121.78532,36.8205],[-121.78576,36.81972],[-121.78598,36.81896],[-121.786,36.81801],[-121.7855,36.81195],[-121.78418,36.80857],[-121.78376,36.8063],[-121.78384,36.80316],[-121.78318,36.79917],[-121.78373,36.79235],[-121.78366,36.79126],[-121.78051,36.78347],[-121.77976,36.78226],[-121.77797,36.78055],[-121.77289,36.77632],[-121.76618,36.7717],[-121.7656,36.77107],[-121.76527,36.77038],[-121.7651,36.76745],[-121.76584,36.75987],[-121.76567,36.75614],[-121.76623,36.75359],[-121.76727,36.7517],[-121.77842,36.73648],[-121.78833,36.72705],[-121.79144,36.72311],[-121.79317,36.72003],[-121.79539,36.71421],[-121.79648,36.71191],[-121.80805,36.69147],[-121.80882,36.68922],[-121.8091,36.68663],[-121.80885,36.6843],[-121.8077,36.68],[-121.8077,36.67868],[-121.80794,36.67745],[-121.80878,36.67563],[-121.81138,36.67252],[-121.81504,36.66624],[-121.81581,36.66452],[-121.81644,36.66222],[-121.81681,36.65779],[-121.81675,36.65596],[-121.8163,36.65398],[-121.81511,36.65108],[-121.81493,36.64991],[-121.81523,36.64823],[-121.81607,36.64682],[-121.817,36.64594],[-121.81803,36.64529],[-121.8217,36.64389],[-121.82393,36.6428],[-121.82572,36.64166],[-121.82734,36.64038],[-121.83756,36.62922],[-121.84019,36.62545],[-121.84154,36.62446],[-121.84402,36.62345],[-121.84529,36.62264],[-121.84617,36.6217],[-121.84787,36.61912],[-121.85093,36.61556],[-121.85539,36.61192],[-121.85897,36.60969],[-121.85988,36.60892],[-121.86103,36.60715],[-121.86139,36.60525],[-121.8618,36.60448],[-121.86435,36.60311],[-121.86906,36.60092],[-121.86989,36.6007],[-121.87293,36.60045],[-121.87526,36.59987],[-121.8763,36.5998],[-121.8873,36.59996],[-121.89227,36.60085],[-121.89484,36.60473],[-121.89489,36.60528],[-121.89443,36.60658],[-121.89457,36.60712],[-121.89489,36.60748],[-121.89582,36.60802],[-121.90092,36.61403],[-121.90013,36.61446],[-121.90157,36.61615],[-121.90013,36.61446],[-121.90173,36.61358],[-121.89748,36.60854],[-121.89515,36.60753],[-121.89474,36.60716],[-121.89457,36.60648],[-121.895,36.60535],[-121.89496,36.6047],[-121.8924,36.60073],[-121.88768,36.5999],[-121.88355,36.59994],[-121.88332,36.5987],[-121.88288,36.59792],[-121.88267,36.5971],[-121.88277,36.59599],[-121.88229,36.59448],[-121.88252,36.59367],[-121.8817,36.59332],[-121.88082,36.59238],[-121.88013,36.59204],[-121.87902,36.5921],[-121.87784,36.59288],[-121.87612,36.59345],[-121.87341,36.59389],[-121.87013,36.59417],[-121.86862,36.59449],[-121.86784,36.59436],[-121.86745,36.59402],[-121.86723,36.59348],[-121.86718,36.59084],[-121.86697,36.5898],[-121.86656,36.58894],[-121.86587,36.58805],[-121.86368,36.58635],[-121.85994,36.58497],[-121.85738,36.58382],[-121.85573,36.58348],[-121.85409,36.58343],[-121.85029,36.58396],[-121.84867,36.58389],[-121.84012,36.58123],[-121.83786,36.58087],[-121.83575,36.58098],[-121.83228,36.58179],[-121.83075,36.58181],[-121.8291,36.58144],[-121.82799,36.58093],[-121.82703,36.58023],[-121.82425,36.57684],[-121.82087,36.57419],[-121.81946,36.57345],[-121.8178,36.57298],[-121.81312,36.5726],[-121.80646,36.57115],[-121.79606,36.56917],[-121.79392,36.56922],[-121.78997,36.57012],[-121.7883,36.5701],[-121.7866,36.56959],[-121.78278,36.56771],[-121.78097,36.56742],[-121.7766,36.56782],[-121.77563,36.56803],[-121.77461,36.56852],[-121.77212,36.57023],[-121.77036,36.57077],[-121.76899,36.57081],[-121.76039,36.57033],[-121.75495,36.56957],[-121.75377,36.56953],[-121.75226,36.56972],[-121.73883,36.57288],[-121.73569,36.57424],[-121.72935,36.57823],[-121.72827,36.57849],[-121.72368,36.57888],[-121.72179,36.57931],[-121.71409,36.58345],[-121.71321,36.58418],[-121.71269,36.58485],[-121.71165,36.58758],[-121.71076,36.58865],[-121.70477,36.59342],[-121.70154,36.59551],[-121.70022,36.59667],[-121.69206,36.60861],[-121.68438,36.62227],[-121.68366,36.62323],[-121.6823,36.62438],[-121.67089,36.63145],[-121.66978,36.63245],[-121.6677,36.63551],[-121.66302,36.64751],[-121.65451,36.672],[-121.65337,36.67216],[-121.65451,36.67768],[-121.6555,36.67757],[-121.65337,36.67781],[-121.65213,36.67718],[-121.65117,36.6771],[-121.65059,36.67737],[-121.65007,36.67795],[-121.64997,36.67833],[-121.64565,36.67894],[-121.64406,36.67877],[-121.64171,36.67784],[-121.64031,36.67234],[-121.63983,36.67155],[-121.63847,36.67015],[-121.63652,36.66918],[-121.62904,36.66697],[-121.62675,36.66569],[-121.62517,36.66424],[-121.62423,36.66286],[-121.61641,36.64938],[-121.61496,36.64769],[-121.55179,36.60137],[-121.52444,36.57502],[-121.5217,36.57283],[-121.51986,36.57107],[-121.51413,36.56549],[-121.51174,36.56267],[-121.5027,36.55413],[-121.46756,36.52498],[-121.46499,36.5237],[-121.46303,36.5232],[-121.44932,36.52158],[-121.44779,36.52126],[-121.44561,36.52041],[-121.44102,36.51772],[-121.43998,36.51677],[-121.43878,36.51519],[-121.42654,36.49172],[-121.42503,36.48989],[-121.4204,36.48592],[-121.41622,36.48269],[-121.41259,36.48019],[-121.39452,36.46858],[-121.39156,36.4668],[-121.3853,36.46341],[-121.38152,36.46049],[-121.37765,36.45796],[-121.37302,36.45549],[-121.36732,36.45186],[-121.36351,36.44936],[-121.35967,36.4462],[-121.34719,36.43811],[-121.34419,36.43657],[-121.34123,36.43554],[-121.33956,36.43469],[-121.3381,36.43318],[-121.33699,36.43041],[-121.33653,36.42966],[-121.33568,36.42879],[-121.32966,36.425],[-121.32664,36.42254],[-121.32327,36.41879],[-121.32199,36.41685],[-121.32084,36.41395],[-121.31848,36.40678],[-121.31723,36.40416],[-121.31019,36.39397],[-121.30537,36.38741],[-121.3041,36.38608],[-121.28005,36.36558],[-121.25155,36.33575],[-121.24081,36.32657],[-121.23683,36.32197],[-121.23608,36.32091],[-121.23544,36.31921],[-121.23484,36.3157],[-121.23428,36.31409],[-121.23328,36.31227],[-121.23219,36.31091],[-121.22985,36.30895],[-121.21739,36.29954],[-121.21507,36.29844],[-121.20298,36.2944],[-121.20139,36.2937],[-121.19987,36.29277],[-121.19857,36.29166],[-121.18909,36.28126],[-121.18209,36.27085],[-121.18113,36.26892],[-121.17822,36.25616],[-121.17682,36.25284],[-121.17644,36.25144],[-121.17423,36.23129],[-121.17369,36.22923],[-121.16922,36.22198],[-121.16743,36.21817],[-121.16665,36.21685],[-121.16071,36.20932],[-121.15788,36.20509],[-121.15289,36.19883],[-121.15136,36.19789],[-121.14976,36.19744],[-121.14796,36.19737],[-121.14633,36.19771],[-121.1453,36.19815],[-121.14433,36.1988],[-121.14103,36.20237],[-121.14024,36.20302],[-121.13868,36.20376],[-121.137,36.2041],[-121.13537,36.20406],[-121.1259,36.20268],[-121.11308,36.20132],[-121.10961,36.20036],[-121.07703,36.18997],[-121.07579,36.18947],[-121.07334,36.18809],[-121.07155,36.18678],[-121.06949,36.18494],[-121.06566,36.18122],[-121.06437,36.17967],[-121.05943,36.1703],[-121.04882,36.15828],[-121.04687,36.15579],[-121.02176,36.11947],[-121.02029,36.11704],[-121.01979,36.11451],[-121.02021,36.1122],[-121.02476,36.10376],[-121.02552,36.10163],[-121.02564,36.10032],[-121.02551,36.09903],[-121.02501,36.09745],[-121.0243,36.09624],[-121.02341,36.09516],[-121.02191,36.09389],[-120.99057,36.0714],[-120.97628,36.05829],[-120.92824,36.01946],[-120.92523,36.01642],[-120.91864,36.00812],[-120.90458,35.98783],[-120.90323,35.98511],[-120.90207,35.98006],[-120.90149,35.97843],[-120.89799,35.97318],[-120.89478,35.96903],[-120.8884,35.96427],[-120.88465,35.9605],[-120.87647,35.94761],[-120.87561,35.9458],[-120.8733,35.9395],[-120.8698,35.92786],[-120.86869,35.92575],[-120.86772,35.92466],[-120.85998,35.91756],[-120.84979,35.9114],[-120.84869,35.91058],[-120.84745,35.90927],[-120.84387,35.90432],[-120.84313,35.90301],[-120.84246,35.90131],[-120.84187,35.89827],[-120.84198,35.88543],[-120.84178,35.88403],[-120.8413,35.88267],[-120.83869,35.87787],[-120.83674,35.8749],[-120.83505,35.87329],[-120.83337,35.87218],[-120.81621,35.86365],[-120.81481,35.86303],[-120.81125,35.86191],[-120.80869,35.86074],[-120.80731,35.85962],[-120.80524,35.85691],[-120.80418,35.8561],[-120.803,35.85552],[-120.80149,35.85507],[-120.79969,35.85495],[-120.7952,35.85558],[-120.79297,35.85552],[-120.77031,35.8513],[-120.76848,35.85065],[-120.76672,35.84963],[-120.7603,35.8439],[-120.75935,35.84285],[-120.75827,35.84085],[-120.75787,35.83868],[-120.7597,35.82669],[-120.7597,35.82465],[-120.75937,35.82331],[-120.75067,35.80862],[-120.74601,35.80189],[-120.74526,35.80099],[-120.74406,35.80001],[-120.73487,35.79405],[-120.73316,35.7928],[-120.7319,35.79152],[-120.72571,35.78319],[-120.7244,35.78195],[-120.72239,35.78069],[-120.71634,35.77768],[-120.70815,35.77241],[-120.70728,35.77172],[-120.70394,35.76833],[-120.70031,35.76395],[-120.69932,35.76202],[-120.6989,35.76019],[-120.69896,35.75814],[-120.70058,35.74767],[-120.70051,35.7455],[-120.69977,35.7424],[-120.69974,35.74104],[-120.69999,35.73977],[-120.70159,35.73558],[-120.70179,35.73408],[-120.70147,35.73105],[-120.70099,35.72902],[-120.69907,35.72493],[-120.69743,35.72061],[-120.69497,35.71592],[-120.69453,35.71448],[-120.69433,35.71293],[-120.69442,35.71101],[-120.69664,35.70116],[-120.69696,35.6799],[-120.69615,35.66856],[-120.69637,35.66629],[-120.69816,35.65929],[-120.69822,35.65808],[-120.69768,35.65629],[-120.697,35.65532],[-120.69631,35.65467],[-120.69506,35.65388],[-120.69173,35.6525],[-120.69079,35.65182],[-120.68999,35.65093],[-120.68486,35.64185],[-120.68431,35.64007],[-120.68424,35.63876],[-120.68468,35.6366],[-120.68618,35.63358],[-120.68679,35.63113],[-120.68674,35.62811],[-120.68612,35.62134],[-120.68634,35.61937],[-120.68705,35.61775],[-120.69108,35.61198],[-120.69148,35.61119],[-120.69263,35.60577],[-120.69262,35.60292],[-120.69278,35.60179],[-120.6954,35.59608],[-120.69561,35.58999],[-120.6976,35.57582],[-120.6981,35.57372],[-120.70193,35.56617],[-120.70289,35.56468],[-120.71534,35.5508],[-120.71587,35.5496],[-120.71605,35.54874],[-120.71588,35.54691],[-120.70995,35.53216],[-120.70907,35.53098],[-120.70558,35.52785],[-120.70471,35.52658],[-120.70427,35.525],[-120.70433,35.52138],[-120.70358,35.51914],[-120.69571,35.5078],[-120.69225,35.50396],[-120.68807,35.50044],[-120.67568,35.49187],[-120.67241,35.4894],[-120.66402,35.48456],[-120.6624,35.48331],[-120.66107,35.48164],[-120.65725,35.474],[-120.65571,35.47146],[-120.64048,35.45178],[-120.63972,35.45034],[-120.63925,35.44884],[-120.6372,35.43553],[-120.63667,35.43341],[-120.62717,35.41433],[-120.6265,35.41216],[-120.62596,35.40836],[-120.62528,35.40643],[-120.62334,35.40238],[-120.62265,35.3994],[-120.62275,35.39662],[-120.62329,35.3948],[-120.62473,35.39212],[-120.62925,35.38479],[-120.63082,35.38278],[-120.6405,35.37224],[-120.6412,35.37105],[-120.64147,35.36937],[-120.64125,35.36815],[-120.64088,35.3673],[-120.63914,35.36518],[-120.63871,35.36421],[-120.63842,35.36141],[-120.63703,35.35742],[-120.63652,35.35506],[-120.63603,35.35424],[-120.63354,35.35126],[-120.63123,35.34916],[-120.63007,35.3477],[-120.62776,35.34286],[-120.6276,35.34173],[-120.62764,35.33957],[-120.62726,35.33819],[-120.62435,35.33335],[-120.62101,35.32892],[-120.62042,35.32755],[-120.62034,35.32554],[-120.62137,35.32293],[-120.62158,35.32195],[-120.62119,35.31841],[-120.62126,35.31755],[-120.62182,35.31605],[-120.6234,35.31405],[-120.62413,35.31245],[-120.62465,35.30941],[-120.62581,35.30546],[-120.62586,35.30141],[-120.62604,35.30021],[-120.62653,35.29919],[-120.62773,35.29793],[-120.62992,35.29666],[-120.63249,35.2956],[-120.63382,35.2954],[-120.63846,35.29515],[-120.63991,35.29487],[-120.64184,35.2941],[-120.6445,35.29239],[-120.64606,35.29192],[-120.65499,35.29199],[-120.65702,35.29158],[-120.65827,35.29089],[-120.66642,35.28463],[-120.66759,35.28349],[-120.66833,35.2825],[-120.67007,35.2787],[-120.67314,35.26933],[-120.67385,35.26416],[-120.67354,35.26086],[-120.67397,35.25872],[-120.68331,35.24294],[-120.68368,35.24158],[-120.68384,35.23811],[-120.68442,35.23658],[-120.68499,35.23578],[-120.68585,35.23497],[-120.68926,35.23287],[-120.69023,35.23188],[-120.69074,35.23107],[-120.6912,35.22979],[-120.69168,35.22381],[-120.69211,35.22212],[-120.69323,35.22008],[-120.69595,35.21656],[-120.6966,35.21521],[-120.69686,35.21376],[-120.6971,35.20932],[-120.69702,35.20502],[-120.69745,35.20191],[-120.70057,35.19325],[-120.70095,35.19152],[-120.70154,35.18411],[-120.7015,35.18303],[-120.70112,35.18183],[-120.70052,35.18085],[-120.69851,35.17846],[-120.69732,35.17501],[-120.6966,35.17382],[-120.69481,35.17193],[-120.69253,35.16985],[-120.68858,35.16515],[-120.68752,35.16425],[-120.68624,35.16347],[-120.66193,35.15387],[-120.65832,35.15208],[-120.65109,35.14952],[-120.64618,35.1476],[-120.64442,35.14645],[-120.63753,35.14031],[-120.63566,35.13924],[-120.63309,35.13856],[-120.62421,35.13675],[-120.62211,35.13613],[-120.61141,35.13115],[-120.60989,35.13069],[-120.60497,35.12967],[-120.60352,35.12922],[-120.59384,35.12435],[-120.58083,35.12034],[-120.57834,35.1191],[-120.56809,35.11268],[-120.56675,35.11206],[-120.56243,35.11073],[-120.55757,35.10859],[-120.55563,35.10748],[-120.55062,35.10328],[-120.5489,35.10156],[-120.54351,35.09324],[-120.54186,35.09148],[-120.54031,35.09031],[-120.53374,35.08645],[-120.53218,35.08536],[-120.53067,35.08406],[-120.52613,35.07938],[-120.51841,35.07357],[-120.51657,35.072],[-120.50404,35.05833],[-120.4852,35.03731],[-120.46279,35.01655],[-120.46149,35.01551],[-120.45991,35.01456],[-120.44125,35.00457],[-120.43938,35.00308],[-120.43668,34.99998],[-120.43579,34.99863],[-120.43508,34.99707],[-120.43463,34.99512],[-120.43314,34.98536],[-120.43229,34.98282],[-120.43041,34.97943],[-120.41897,34.96095],[-120.41816,34.95912],[-120.41754,34.95682],[-120.41733,34.95436],[-120.41785,34.94402],[-120.41831,34.89368],[-120.41791,34.89151],[-120.41713,34.88969],[-120.41548,34.88744],[-120.37955,34.84596],[-120.36613,34.83126],[-120.36375,34.829],[-120.34994,34.81742],[-120.34849,34.81601],[-120.34762,34.81487],[-120.34677,34.8133],[-120.34194,34.80051],[-120.34052,34.79827],[-120.33725,34.79454],[-120.33638,34.79371],[-120.33472,34.7925],[-120.32087,34.78512],[-120.31914,34.78402],[-120.31726,34.78249],[-120.31565,34.78079],[-120.30406,34.7667],[-120.29812,34.75914],[-120.29602,34.75756],[-120.28021,34.74897],[-120.26683,34.73963],[-120.26401,34.73811],[-120.26134,34.7374],[-120.24658,34.73533],[-120.24445,34.73486],[-120.22699,34.72741],[-120.21349,34.72355],[-120.21186,34.72295],[-120.20943,34.72177],[-120.20618,34.71967],[-120.20432,34.7188],[-120.19842,34.71748],[-120.1911,34.71528],[-120.18963,34.71461],[-120.18439,34.71167],[-120.18289,34.71116],[-120.1762,34.70942],[-120.17496,34.7089],[-120.17285,34.70765],[-120.17116,34.70609],[-120.16815,34.70147],[-120.1638,34.69767],[-120.1621,34.69511],[-120.16041,34.69337],[-120.15973,34.69233],[-120.15725,34.68645],[-120.15679,34.68489],[-120.1568,34.68344],[-120.15779,34.67742],[-120.15828,34.67588],[-120.15904,34.67466],[-120.16173,34.67182],[-120.16269,34.67106],[-120.16471,34.67004],[-120.16831,34.66945],[-120.17007,34.66881],[-120.17082,34.66837],[-120.17501,34.66505],[-120.17716,34.66269],[-120.18195,34.65553],[-120.1829,34.65284],[-120.18542,34.64287],[-120.18565,34.64099],[-120.18575,34.63756],[-120.186,34.63629],[-120.18771,34.63198],[-120.1893,34.62267],[-120.18951,34.61626],[-120.19005,34.61393],[-120.19077,34.61237],[-120.17978,34.60821],[-120.15692,34.59785],[-120.15562,34.59706],[-120.15296,34.59454],[-120.15178,34.59403],[-120.15089,34.59388],[-120.14977,34.59394],[-120.1488,34.5942],[-120.1465,34.59561],[-120.14519,34.59604],[-120.13743,34.59597],[-120.13769,34.59538],[-120.13727,34.59524],[-120.13693,34.59596],[-120.13481,34.59597],[-120.13386,34.59612],[-120.12442,34.60067],[-120.12197,34.60253],[-120.12076,34.60318],[-120.11432,34.60547],[-120.11106,34.60609],[-120.10802,34.60657],[-120.10625,34.60667],[-120.09486,34.60665],[-120.0866,34.61005],[-120.08446,34.61051],[-120.07794,34.61052],[-120.07436,34.61068],[-120.06025,34.61059],[-120.05699,34.61042],[-120.05508,34.61011],[-120.05447,34.60976],[-120.05308,34.60855],[-120.03309,34.59049],[-120.0315,34.5894],[-120.02964,34.58855],[-120.02748,34.58798],[-120.02542,34.58778],[-120.01854,34.58838],[-120.0171,34.58836],[-120.0157,34.58808],[-120.01319,34.5871],[-120.01198,34.5868],[-119.99763,34.58536],[-119.99472,34.58494],[-119.99306,34.58414],[-119.98863,34.58034],[-119.98699,34.5795],[-119.96987,34.57486],[-119.9682,34.57424],[-119.96569,34.57305],[-119.96418,34.57259],[-119.96155,34.57242],[-119.96014,34.57262],[-119.95777,34.57325],[-119.95642,34.57309],[-119.95359,34.57115],[-119.95324,34.57055],[-119.95267,34.56862],[-119.9522,34.56816],[-119.95151,34.56782],[-119.95079,34.56773],[-119.94502,34.56789],[-119.9435,34.56773],[-119.94208,34.56727],[-119.9363,34.56444],[-119.93415,34.56367],[-119.92564,34.56148],[-119.92463,34.56142],[-119.92133,34.56166],[-119.92012,34.56142],[-119.91944,34.56103],[-119.91795,34.55962],[-119.91716,34.55906],[-119.91627,34.55869],[-119.91328,34.55791],[-119.9122,34.55725],[-119.91149,34.55617],[-119.91087,34.55287],[-119.91048,34.55192],[-119.90929,34.5506],[-119.90779,34.5498],[-119.89474,34.54718],[-119.89286,34.54707],[-119.88748,34.54717],[-119.88434,34.54682],[-119.86615,34.54145],[-119.86503,34.54083],[-119.86415,34.54],[-119.86364,34.53916],[-119.86263,34.53675],[-119.86179,34.53565],[-119.86071,34.5349],[-119.85826,34.53373],[-119.8561,34.53287],[-119.85453,34.53259],[-119.84735,34.53243],[-119.84596,34.53223],[-119.84232,34.53062],[-119.83693,34.52789],[-119.83191,34.52352],[-119.83016,34.52176],[-119.8296,34.52081],[-119.82928,34.51985],[-119.82922,34.51727],[-119.82885,34.51634],[-119.82784,34.51549],[-119.8261,34.51489],[-119.82513,34.51419],[-119.82468,34.5134],[-119.82406,34.51103],[-119.82362,34.51038],[-119.82281,34.50966],[-119.82192,34.50911],[-119.819,34.50786],[-119.81723,34.50619],[-119.81628,34.50567],[-119.80792,34.50328],[-119.80692,34.50328],[-119.80502,34.50374],[-119.80419,34.50368],[-119.80344,34.50334],[-119.80203,34.50236],[-119.80134,34.50153],[-119.801,34.50071],[-119.80075,34.49633],[-119.80032,34.49508],[-119.79802,34.4926],[-119.7946,34.49084],[-119.79297,34.48828],[-119.79171,34.48715],[-119.79054,34.48677],[-119.78941,34.48691],[-119.78728,34.48805],[-119.78465,34.48874],[-119.78365,34.48987],[-119.78323,34.49003],[-119.78271,34.49],[-119.78215,34.48961],[-119.78104,34.48817],[-119.78091,34.48587],[-119.78114,34.48484],[-119.78072,34.4841],[-119.78004,34.48383],[-119.77804,34.48395],[-119.77545,34.4835],[-119.77454,34.48321],[-119.77259,34.48194],[-119.7716,34.4801],[-119.76974,34.4789],[-119.76926,34.47841],[-119.76894,34.47756],[-119.76907,34.47698],[-119.76982,34.47631],[-119.77138,34.47597],[-119.77207,34.47566],[-119.77307,34.4746],[-119.77407,34.47384],[-119.77715,34.47281],[-119.77801,34.47185],[-119.77813,34.47105],[-119.77773,34.47034],[-119.7771,34.46991],[-119.77648,34.46973],[-119.77377,34.46951],[-119.77292,34.46911],[-119.77231,34.46853],[-119.77169,34.46724],[-119.77124,34.46313],[-119.76995,34.45954],[-119.769,34.45772],[-119.76701,34.45528],[-119.76197,34.451],[-119.7607,34.44944],[-119.76013,34.44819],[-119.75985,34.44682],[-119.76001,34.44088],[-119.75743,34.4408],[-119.75645,34.44056],[-119.7558,34.44024],[-119.75488,34.43958],[-119.74768,34.43321],[-119.74276,34.43017],[-119.74084,34.42928],[-119.73786,34.42837],[-119.73357,34.42792],[-119.72935,34.4271],[-119.72395,34.4263],[-119.72154,34.42575],[-119.72004,34.42518],[-119.70759,34.4161],[-119.70075,34.42255],[-119.69827,34.42074]]}},
{"type":"Feature","properties":{"id":"d13","tipo":"principal","dia":13,"km":325.9,"horas":4.2,"pontos":["morro_bay_sp","locadora"],"trechos":[{"de":"morro_bay_sp","para":"locadora","km":325.9,"min":251}],"obs":"Vai pela US-101 e pela CA-154 (San Marcos Pass). Chegada no aeroporto (LAX) como aproximação: trocar pelo endereço da locadora (devolução até 12h)."},"geometry":{"type":"LineString","coordinates":[[-120.83976,35.34776],[-120.83917,35.3479],[-120.8384,35.34774],[-120.83803,35.34787],[-120.83715,35.34759],[-120.8351,35.34756],[-120.8343,35.34787],[-120.83375,35.34832],[-120.83278,35.35019],[-120.8305,35.3524],[-120.82955,35.35388],[-120.82857,35.35479],[-120.82805,35.35502],[-120.82808,35.35597],[-120.82765,35.35816],[-120.82664,35.35929],[-120.82613,35.36022],[-120.82496,35.36104],[-120.82375,35.36294],[-120.82345,35.36388],[-120.81925,35.36352],[-120.80697,35.36179],[-120.80551,35.36133],[-120.79681,35.35787],[-120.77793,35.35281],[-120.77592,35.35199],[-120.77449,35.35107],[-120.76446,35.3428],[-120.75971,35.338],[-120.75437,35.33434],[-120.75266,35.33349],[-120.75082,35.333],[-120.74931,35.33288],[-120.74783,35.33297],[-120.74546,35.33336],[-120.74323,35.33327],[-120.73278,35.33033],[-120.73031,35.32907],[-120.72589,35.32521],[-120.724,35.32396],[-120.71446,35.32018],[-120.71339,35.31987],[-120.71031,35.31957],[-120.70104,35.32023],[-120.69796,35.3198],[-120.69542,35.3189],[-120.69325,35.3176],[-120.68919,35.31373],[-120.68535,35.31156],[-120.67913,35.3065],[-120.67791,35.30503],[-120.67573,35.30055],[-120.67465,35.29908],[-120.67296,35.29772],[-120.66952,35.29576],[-120.66851,35.29477],[-120.66776,35.29336],[-120.66687,35.29051],[-120.66426,35.2875],[-120.66558,35.28669],[-120.66522,35.2862],[-120.66521,35.28572],[-120.66711,35.28401],[-120.66819,35.28271],[-120.67007,35.2787],[-120.67324,35.26885],[-120.67386,35.26399],[-120.67357,35.26041],[-120.67406,35.25852],[-120.68331,35.24294],[-120.68368,35.24158],[-120.68384,35.23811],[-120.68442,35.23658],[-120.68499,35.23578],[-120.68585,35.23497],[-120.68926,35.23287],[-120.69023,35.23188],[-120.69074,35.23107],[-120.6912,35.22979],[-120.69168,35.22381],[-120.69211,35.22212],[-120.69323,35.22008],[-120.69595,35.21656],[-120.6966,35.21521],[-120.69686,35.21376],[-120.6971,35.20932],[-120.69702,35.20502],[-120.69735,35.20243],[-120.70086,35.1921],[-120.70155,35.18361],[-120.70139,35.18257],[-120.70104,35.18168],[-120.70052,35.18085],[-120.69851,35.17846],[-120.69732,35.17501],[-120.69651,35.17371],[-120.69253,35.16985],[-120.68868,35.16525],[-120.68675,35.16375],[-120.68365,35.16237],[-120.66193,35.15387],[-120.65832,35.15208],[-120.65109,35.14952],[-120.64618,35.1476],[-120.64442,35.14645],[-120.63753,35.14031],[-120.63611,35.13944],[-120.63423,35.13881],[-120.62421,35.13675],[-120.62211,35.13613],[-120.61141,35.13115],[-120.60989,35.13069],[-120.60497,35.12967],[-120.60352,35.12922],[-120.59384,35.12435],[-120.58083,35.12034],[-120.57834,35.1191],[-120.56809,35.11268],[-120.56675,35.11206],[-120.56243,35.11073],[-120.55757,35.10859],[-120.55563,35.10748],[-120.55062,35.10328],[-120.5489,35.10156],[-120.54351,35.09324],[-120.54186,35.09148],[-120.54031,35.09031],[-120.53374,35.08645],[-120.53218,35.08536],[-120.53067,35.08406],[-120.52613,35.07938],[-120.51841,35.07357],[-120.51657,35.072],[-120.50404,35.05833],[-120.4852,35.03731],[-120.46279,35.01655],[-120.46149,35.01551],[-120.45991,35.01456],[-120.44125,35.00457],[-120.43938,35.00308],[-120.43668,34.99998],[-120.43579,34.99863],[-120.43508,34.99707],[-120.43463,34.99512],[-120.43314,34.98536],[-120.43229,34.98282],[-120.43041,34.97943],[-120.41897,34.96095],[-120.41816,34.95912],[-120.41754,34.95682],[-120.41733,34.95436],[-120.41785,34.94402],[-120.41831,34.89368],[-120.41791,34.89151],[-120.41713,34.88969],[-120.41548,34.88744],[-120.37955,34.84596],[-120.36613,34.83126],[-120.36375,34.829],[-120.34994,34.81742],[-120.34849,34.81601],[-120.34762,34.81487],[-120.34677,34.8133],[-120.34194,34.80051],[-120.34052,34.79827],[-120.33725,34.79454],[-120.33638,34.79371],[-120.33472,34.7925],[-120.32087,34.78512],[-120.31914,34.78402],[-120.31726,34.78249],[-120.3151,34.78013],[-120.30406,34.7667],[-120.29908,34.76021],[-120.29777,34.75883],[-120.29548,34.75725],[-120.28021,34.74897],[-120.26683,34.73963],[-120.26401,34.73811],[-120.26134,34.7374],[-120.24658,34.73533],[-120.24445,34.73486],[-120.22699,34.72741],[-120.21349,34.72355],[-120.21186,34.72295],[-120.20943,34.72177],[-120.20618,34.71967],[-120.20432,34.7188],[-120.19842,34.71748],[-120.19199,34.71559],[-120.18963,34.71461],[-120.18439,34.71167],[-120.18289,34.71116],[-120.1762,34.70942],[-120.17375,34.70825],[-120.1723,34.7072],[-120.17116,34.70609],[-120.16815,34.70147],[-120.1638,34.69767],[-120.1621,34.69511],[-120.16021,34.69311],[-120.1593,34.69135],[-120.15833,34.68797],[-120.1564,34.68761],[-120.15539,34.68688],[-120.15513,34.68628],[-120.15512,34.68564],[-120.15601,34.68406],[-120.15621,34.68317],[-120.15596,34.68215],[-120.15539,34.68143],[-120.1544,34.68087],[-120.15322,34.68067],[-120.14759,34.6818],[-120.14468,34.68211],[-120.14265,34.68212],[-120.14071,34.68168],[-120.13954,34.68116],[-120.13854,34.68053],[-120.13655,34.67856],[-120.13543,34.6777],[-120.13156,34.67565],[-120.1305,34.67491],[-120.12949,34.67386],[-120.12735,34.67081],[-120.12619,34.66957],[-120.12497,34.66869],[-120.12368,34.66816],[-120.12236,34.66792],[-120.11438,34.66769],[-120.11263,34.6672],[-120.11128,34.66636],[-120.1052,34.66178],[-120.10352,34.66018],[-120.08176,34.6345],[-120.0812,34.63402],[-120.08115,34.63371],[-120.07659,34.62863],[-120.05684,34.61191],[-120.05508,34.61038],[-120.05493,34.61005],[-120.05308,34.60855],[-120.0332,34.59058],[-120.03168,34.5895],[-120.02941,34.58847],[-120.02668,34.58786],[-120.0245,34.5878],[-120.0187,34.58837],[-120.0171,34.58836],[-120.0157,34.58808],[-120.01319,34.5871],[-120.01198,34.5868],[-119.99503,34.58502],[-119.99322,34.58426],[-119.98863,34.58034],[-119.98699,34.5795],[-119.96987,34.57486],[-119.9682,34.57424],[-119.96569,34.57305],[-119.96418,34.57259],[-119.96155,34.57242],[-119.96014,34.57262],[-119.95777,34.57325],[-119.95662,34.57316],[-119.95365,34.57121],[-119.95324,34.57055],[-119.95267,34.56862],[-119.9522,34.56816],[-119.95151,34.56782],[-119.95079,34.56773],[-119.94502,34.56789],[-119.9435,34.56773],[-119.94208,34.56727],[-119.9363,34.56444],[-119.93415,34.56367],[-119.92564,34.56148],[-119.92463,34.56142],[-119.92133,34.56166],[-119.92,34.56136],[-119.91716,34.55906],[-119.91627,34.55869],[-119.91328,34.55791],[-119.9122,34.55725],[-119.91149,34.55617],[-119.91087,34.55287],[-119.91048,34.55192],[-119.90948,34.55074],[-119.90794,34.54985],[-119.89474,34.54718],[-119.89286,34.54707],[-119.88748,34.54717],[-119.88434,34.54682],[-119.86669,34.54163],[-119.86537,34.54106],[-119.86418,34.54004],[-119.86368,34.53927],[-119.86259,34.53667],[-119.86172,34.53559],[-119.86071,34.5349],[-119.85826,34.53373],[-119.8561,34.53287],[-119.85453,34.53259],[-119.84735,34.53243],[-119.84596,34.53223],[-119.84492,34.53186],[-119.83743,34.52821],[-119.83648,34.52754],[-119.83247,34.52402],[-119.83016,34.52176],[-119.8296,34.52081],[-119.82928,34.51985],[-119.82922,34.51727],[-119.82885,34.51634],[-119.82784,34.51549],[-119.8261,34.51489],[-119.82513,34.51419],[-119.82468,34.5134],[-119.82406,34.51103],[-119.82362,34.51038],[-119.82281,34.50966],[-119.82192,34.50911],[-119.819,34.50786],[-119.81723,34.50619],[-119.81623,34.50566],[-119.80803,34.5033],[-119.80701,34.50327],[-119.80481,34.50375],[-119.80412,34.50367],[-119.80344,34.50334],[-119.80186,34.5022],[-119.80107,34.50095],[-119.80075,34.49633],[-119.80018,34.49489],[-119.79802,34.4926],[-119.7946,34.49084],[-119.79297,34.48828],[-119.79182,34.48722],[-119.79061,34.48677],[-119.78941,34.48691],[-119.78728,34.48805],[-119.78458,34.48878],[-119.78351,34.48995],[-119.78264,34.48998],[-119.78197,34.48941],[-119.78104,34.48817],[-119.78091,34.48587],[-119.78114,34.48484],[-119.78072,34.4841],[-119.77995,34.48382],[-119.77829,34.48396],[-119.77697,34.48385],[-119.77462,34.48325],[-119.77265,34.48198],[-119.77227,34.48153],[-119.7716,34.4801],[-119.76938,34.47857],[-119.76894,34.47756],[-119.76904,34.47705],[-119.76938,34.47659],[-119.76988,34.47629],[-119.77138,34.47597],[-119.772,34.4757],[-119.77316,34.47452],[-119.77415,34.4738],[-119.77705,34.47288],[-119.77798,34.47189],[-119.77813,34.47105],[-119.77773,34.47034],[-119.7771,34.46991],[-119.77648,34.46973],[-119.77377,34.46951],[-119.77292,34.46911],[-119.77231,34.46853],[-119.77169,34.46724],[-119.77124,34.46313],[-119.76995,34.45954],[-119.769,34.45772],[-119.76701,34.45528],[-119.76197,34.451],[-119.7607,34.44944],[-119.76013,34.44819],[-119.75985,34.44682],[-119.76003,34.4409],[-119.75743,34.4408],[-119.75645,34.44056],[-119.7558,34.44024],[-119.75488,34.43958],[-119.74768,34.43321],[-119.74276,34.43017],[-119.74084,34.42928],[-119.73786,34.42837],[-119.73357,34.42792],[-119.72935,34.4271],[-119.72395,34.4263],[-119.72154,34.42575],[-119.72004,34.42518],[-119.71058,34.41827],[-119.70719,34.41621],[-119.70404,34.41353],[-119.70269,34.41275],[-119.70137,34.41232],[-119.69941,34.41212],[-119.69781,34.41232],[-119.69617,34.41284],[-119.69517,34.41331],[-119.69395,34.41421],[-119.68943,34.41838],[-119.68842,34.41895],[-119.68742,34.41928],[-119.67721,34.42028],[-119.67615,34.42024],[-119.67314,34.41976],[-119.67154,34.41979],[-119.66052,34.42277],[-119.65931,34.42297],[-119.65678,34.42284],[-119.64519,34.41986],[-119.64361,34.41967],[-119.64241,34.41978],[-119.64126,34.4201],[-119.63852,34.42149],[-119.63712,34.42201],[-119.63397,34.42261],[-119.63215,34.42248],[-119.62754,34.42116],[-119.62479,34.42082],[-119.62165,34.42087],[-119.61656,34.42145],[-119.61364,34.42163],[-119.61103,34.42145],[-119.60707,34.42068],[-119.6026,34.42114],[-119.60128,34.42113],[-119.59949,34.42084],[-119.59579,34.41965],[-119.59225,34.41882],[-119.58821,34.41735],[-119.58627,34.41694],[-119.58196,34.41639],[-119.57752,34.41548],[-119.57483,34.41552],[-119.56679,34.41661],[-119.56061,34.41603],[-119.55897,34.41531],[-119.55622,34.41304],[-119.54929,34.408],[-119.54753,34.40681],[-119.54649,34.40635],[-119.54408,34.40585],[-119.53993,34.40572],[-119.51958,34.4019],[-119.51721,34.40133],[-119.51493,34.40024],[-119.5133,34.39894],[-119.50921,34.3932],[-119.50845,34.39233],[-119.50723,34.3914],[-119.50578,34.39072],[-119.48851,34.3852],[-119.48535,34.38407],[-119.48414,34.38328],[-119.48328,34.3824],[-119.481,34.37866],[-119.48028,34.37776],[-119.47956,34.37712],[-119.47838,34.37643],[-119.47697,34.37594],[-119.47545,34.37572],[-119.47412,34.37578],[-119.4708,34.37629],[-119.46839,34.37615],[-119.46161,34.37456],[-119.46028,34.37407],[-119.45896,34.37337],[-119.45739,34.37229],[-119.4543,34.3695],[-119.45087,34.36544],[-119.44327,34.35738],[-119.44181,34.35657],[-119.44057,34.35625],[-119.43648,34.3562],[-119.4332,34.35575],[-119.43097,34.35503],[-119.42873,34.35385],[-119.42752,34.35295],[-119.42658,34.35201],[-119.42215,34.3463],[-119.42114,34.34531],[-119.41981,34.34436],[-119.41847,34.34369],[-119.41405,34.34224],[-119.41249,34.34153],[-119.40276,34.33444],[-119.40122,34.33308],[-119.39261,34.32365],[-119.39052,34.32214],[-119.38806,34.32115],[-119.38531,34.32077],[-119.38315,34.32092],[-119.37698,34.32211],[-119.3753,34.32213],[-119.37374,34.32195],[-119.371,34.32108],[-119.3641,34.31726],[-119.35687,34.31184],[-119.35148,34.30819],[-119.34783,34.30513],[-119.34455,34.30154],[-119.33799,34.29264],[-119.33668,34.29136],[-119.33464,34.29001],[-119.32591,34.28663],[-119.32208,34.28501],[-119.31677,34.28248],[-119.31395,34.28134],[-119.30117,34.2775],[-119.2996,34.27736],[-119.29354,34.27735],[-119.2912,34.27702],[-119.28861,34.27595],[-119.28429,34.27299],[-119.28318,34.27245],[-119.28156,34.27201],[-119.27738,34.27175],[-119.27553,34.27123],[-119.2741,34.27051],[-119.27271,34.26939],[-119.27002,34.26561],[-119.26788,34.26388],[-119.26585,34.26293],[-119.25525,34.2592],[-119.25394,34.25897],[-119.2526,34.25898],[-119.25017,34.25957],[-119.24895,34.26023],[-119.24503,34.26337],[-119.24375,34.26405],[-119.24194,34.26466],[-119.24078,34.26487],[-119.2385,34.26493],[-119.23689,34.26471],[-119.23525,34.26424],[-119.22302,34.25844],[-119.2181,34.2563],[-119.21366,34.25403],[-119.20765,34.25039],[-119.2025,34.24807],[-119.19528,34.24437],[-119.18145,34.23941],[-119.18,34.23876],[-119.17851,34.2378],[-119.17749,34.23691],[-119.17277,34.23099],[-119.17121,34.22938],[-119.16905,34.22801],[-119.16602,34.22695],[-119.15351,34.22369],[-119.14292,34.22255],[-119.13265,34.22205],[-119.10336,34.22179],[-119.05124,34.21759],[-119.03687,34.21722],[-119.03515,34.21697],[-119.03069,34.21586],[-119.02922,34.21568],[-119.01567,34.21568],[-119.0136,34.21544],[-118.99511,34.20946],[-118.9932,34.20842],[-118.99052,34.20615],[-118.98916,34.20549],[-118.98743,34.20521],[-118.98471,34.20534],[-118.98296,34.20497],[-118.98176,34.2043],[-118.97953,34.2023],[-118.97812,34.20155],[-118.97715,34.20124],[-118.97552,34.201],[-118.97192,34.20123],[-118.96653,34.20096],[-118.96512,34.20079],[-118.96246,34.20013],[-118.95923,34.20021],[-118.95765,34.1999],[-118.95323,34.1975],[-118.94731,34.1933],[-118.94107,34.19042],[-118.92704,34.18461],[-118.92536,34.18428],[-118.92308,34.18419],[-118.90086,34.18434],[-118.89689,34.18463],[-118.8952,34.18453],[-118.89365,34.18422],[-118.8921,34.18366],[-118.8818,34.17857],[-118.87914,34.17761],[-118.87733,34.17734],[-118.85535,34.17572],[-118.85292,34.17531],[-118.85124,34.17468],[-118.84976,34.17384],[-118.81999,34.15409],[-118.81802,34.15324],[-118.79653,34.14664],[-118.79406,34.14619],[-118.79136,34.14605],[-118.77433,34.14732],[-118.77231,34.14731],[-118.75537,34.14516],[-118.74493,34.14318],[-118.73788,34.143],[-118.7366,34.1427],[-118.73541,34.14218],[-118.72987,34.13856],[-118.72872,34.13812],[-118.72756,34.13788],[-118.72594,34.13787],[-118.72137,34.13849],[-118.71594,34.13886],[-118.71413,34.1393],[-118.70871,34.14112],[-118.70697,34.14191],[-118.7015,34.14498],[-118.70019,34.14596],[-118.69636,34.14984],[-118.69542,34.15044],[-118.69392,34.15097],[-118.69207,34.15113],[-118.68784,34.15047],[-118.68379,34.15104],[-118.67981,34.15102],[-118.67845,34.15079],[-118.6742,34.14935],[-118.67232,34.1491],[-118.66566,34.14948],[-118.663,34.15],[-118.65372,34.15267],[-118.64158,34.15784],[-118.62625,34.16349],[-118.61651,34.16662],[-118.61449,34.1676],[-118.61135,34.16974],[-118.60993,34.17032],[-118.60803,34.17071],[-118.60561,34.17065],[-118.58835,34.16799],[-118.58514,34.16786],[-118.5833,34.16804],[-118.58078,34.16856],[-118.57075,34.17221],[-118.56717,34.17294],[-118.55886,34.17357],[-118.53698,34.17321],[-118.53473,34.17293],[-118.53142,34.17162],[-118.52916,34.17114],[-118.50362,34.17103],[-118.50189,34.17065],[-118.50041,34.17003],[-118.49402,34.16598],[-118.49219,34.16531],[-118.4905,34.16512],[-118.47652,34.16527],[-118.47528,34.1651],[-118.47435,34.16481],[-118.47342,34.1643],[-118.47275,34.16373],[-118.47114,34.16104],[-118.47002,34.15978],[-118.46952,34.15765],[-118.4684,34.1548],[-118.46818,34.15323],[-118.46826,34.15201],[-118.4687,34.1504],[-118.47048,34.14687],[-118.4713,34.14468],[-118.47161,34.14258],[-118.47134,34.13906],[-118.47151,34.13739],[-118.47417,34.12896],[-118.47527,34.12692],[-118.48105,34.11977],[-118.48157,34.11891],[-118.48193,34.11767],[-118.48229,34.11261],[-118.48214,34.1114],[-118.48171,34.11034],[-118.47817,34.10546],[-118.47754,34.10404],[-118.47748,34.1025],[-118.47811,34.10018],[-118.47814,34.09893],[-118.47781,34.09772],[-118.47656,34.0953],[-118.47483,34.08417],[-118.47422,34.08224],[-118.47289,34.08011],[-118.47029,34.07736],[-118.46555,34.07133],[-118.45766,34.06232],[-118.45077,34.05391],[-118.44987,34.05242],[-118.44902,34.05004],[-118.4483,34.04873],[-118.44006,34.03913],[-118.43741,34.03443],[-118.43654,34.03352],[-118.43385,34.03143],[-118.3929,33.9797],[-118.39012,33.97741],[-118.38971,33.97651],[-118.38959,33.97506],[-118.39384,33.97502],[-118.39419,33.97484],[-118.39588,33.96805],[-118.39624,33.96472],[-118.3963,33.95303],[-118.39645,33.9522],[-118.3963,33.9455],[-118.40102,33.94549],[-118.40791,33.9448],[-118.40833,33.94444],[-118.40808,33.94278],[-118.40783,33.94247]]}},
{"type":"Feature","properties":{"id":"d13b","tipo":"planoB","dia":13,"km":154.8,"horas":1.9,"pontos":["santa_barbara","locadora"],"trechos":[{"de":"santa_barbara","para":"locadora","km":154.8,"min":116}],"obs":"Chegada no aeroporto (LAX) como aproximação: trocar pelo endereço da locadora (devolução até 12h)."},"geometry":{"type":"LineString","coordinates":[[-119.69827,34.42074],[-119.69438,34.41788],[-119.69211,34.42001],[-119.68938,34.41801],[-119.68876,34.41849],[-119.68752,34.41911],[-119.68653,34.41942],[-119.68545,34.41953],[-119.67721,34.42028],[-119.67615,34.42024],[-119.67314,34.41976],[-119.67116,34.41985],[-119.66052,34.42277],[-119.65931,34.42297],[-119.65678,34.42284],[-119.64519,34.41986],[-119.64361,34.41967],[-119.64241,34.41978],[-119.64126,34.4201],[-119.63852,34.42149],[-119.63712,34.42201],[-119.63595,34.4223],[-119.63336,34.4226],[-119.63176,34.42239],[-119.62705,34.42106],[-119.62479,34.42082],[-119.62165,34.42087],[-119.61656,34.42145],[-119.61364,34.42163],[-119.61103,34.42145],[-119.60707,34.42068],[-119.6026,34.42114],[-119.60069,34.42107],[-119.59949,34.42084],[-119.59579,34.41965],[-119.59225,34.41882],[-119.58821,34.41735],[-119.58627,34.41694],[-119.58248,34.41648],[-119.57713,34.41543],[-119.57483,34.41552],[-119.56638,34.41662],[-119.5614,34.41617],[-119.56032,34.41595],[-119.55897,34.41531],[-119.55622,34.41304],[-119.54812,34.40717],[-119.54649,34.40635],[-119.54448,34.40589],[-119.5406,34.40579],[-119.53856,34.40548],[-119.51883,34.40174],[-119.51721,34.40133],[-119.5159,34.40079],[-119.51458,34.40001],[-119.5133,34.39894],[-119.50921,34.3932],[-119.50762,34.39165],[-119.50578,34.39072],[-119.48851,34.3852],[-119.48535,34.38407],[-119.48414,34.38328],[-119.48328,34.3824],[-119.481,34.37866],[-119.48028,34.37776],[-119.47917,34.37685],[-119.47811,34.37631],[-119.47652,34.37584],[-119.47522,34.37571],[-119.4708,34.37629],[-119.46839,34.37615],[-119.46161,34.37456],[-119.45937,34.37361],[-119.45739,34.37229],[-119.4543,34.3695],[-119.45087,34.36544],[-119.44327,34.35738],[-119.44181,34.35657],[-119.44057,34.35625],[-119.43648,34.3562],[-119.4332,34.35575],[-119.43097,34.35503],[-119.42873,34.35385],[-119.42752,34.35295],[-119.42658,34.35201],[-119.42215,34.3463],[-119.42067,34.34493],[-119.41847,34.34369],[-119.41405,34.34224],[-119.41249,34.34153],[-119.40228,34.33406],[-119.40122,34.33308],[-119.39261,34.32365],[-119.39098,34.32241],[-119.38961,34.3217],[-119.38806,34.32115],[-119.38531,34.32077],[-119.38315,34.32092],[-119.37698,34.32211],[-119.3753,34.32213],[-119.37374,34.32195],[-119.371,34.32108],[-119.3641,34.31726],[-119.35687,34.31184],[-119.35148,34.30819],[-119.34811,34.30538],[-119.34518,34.30234],[-119.33799,34.29264],[-119.33615,34.29096],[-119.33401,34.2897],[-119.32591,34.28663],[-119.32208,34.28501],[-119.31677,34.28248],[-119.31395,34.28134],[-119.30117,34.2775],[-119.2996,34.27736],[-119.29354,34.27735],[-119.2912,34.27702],[-119.28861,34.27595],[-119.28429,34.27299],[-119.28318,34.27245],[-119.28156,34.27201],[-119.27738,34.27175],[-119.27553,34.27123],[-119.2741,34.27051],[-119.27271,34.26939],[-119.27002,34.26561],[-119.26788,34.26388],[-119.26585,34.26293],[-119.25525,34.2592],[-119.25394,34.25897],[-119.2526,34.25898],[-119.25017,34.25957],[-119.24895,34.26023],[-119.24503,34.26337],[-119.24375,34.26405],[-119.24194,34.26466],[-119.24078,34.26487],[-119.2385,34.26493],[-119.23689,34.26471],[-119.23525,34.26424],[-119.22302,34.25844],[-119.2181,34.2563],[-119.21366,34.25403],[-119.20765,34.25039],[-119.2025,34.24807],[-119.19528,34.24437],[-119.18145,34.23941],[-119.18,34.23876],[-119.17851,34.2378],[-119.17749,34.23691],[-119.17277,34.23099],[-119.17121,34.22938],[-119.16928,34.22812],[-119.16722,34.2273],[-119.15351,34.22369],[-119.14292,34.22255],[-119.13265,34.22205],[-119.10336,34.22179],[-119.05124,34.21759],[-119.03687,34.21722],[-119.03515,34.21697],[-119.03069,34.21586],[-119.02922,34.21568],[-119.01567,34.21568],[-119.0136,34.21544],[-118.99511,34.20946],[-118.9932,34.20842],[-118.99052,34.20615],[-118.98916,34.20549],[-118.98743,34.20521],[-118.98471,34.20534],[-118.98296,34.20497],[-118.98176,34.2043],[-118.97953,34.2023],[-118.97812,34.20155],[-118.97715,34.20124],[-118.97552,34.201],[-118.97192,34.20123],[-118.96653,34.20096],[-118.96512,34.20079],[-118.96246,34.20013],[-118.95923,34.20021],[-118.95765,34.1999],[-118.95323,34.1975],[-118.94731,34.1933],[-118.94107,34.19042],[-118.92704,34.18461],[-118.92536,34.18428],[-118.92308,34.18419],[-118.90086,34.18434],[-118.89689,34.18463],[-118.8952,34.18453],[-118.89365,34.18422],[-118.8921,34.18366],[-118.8818,34.17857],[-118.87914,34.17761],[-118.87733,34.17734],[-118.85535,34.17572],[-118.85292,34.17531],[-118.85124,34.17468],[-118.84976,34.17384],[-118.81999,34.15409],[-118.81802,34.15324],[-118.79586,34.14648],[-118.79328,34.1461],[-118.7908,34.14607],[-118.77433,34.14732],[-118.77147,34.14724],[-118.75537,34.14516],[-118.74493,34.14318],[-118.74265,34.14304],[-118.73874,34.14308],[-118.73745,34.14293],[-118.73541,34.14218],[-118.73019,34.13873],[-118.72903,34.13821],[-118.72799,34.13794],[-118.72594,34.13787],[-118.72137,34.13849],[-118.71646,34.13878],[-118.71478,34.13911],[-118.70983,34.14071],[-118.70635,34.14224],[-118.70082,34.14545],[-118.69671,34.14955],[-118.69587,34.15019],[-118.69449,34.1508],[-118.69342,34.15106],[-118.69207,34.15113],[-118.68784,34.15047],[-118.68379,34.15104],[-118.67981,34.15102],[-118.67845,34.15079],[-118.6742,34.14935],[-118.67232,34.1491],[-118.66655,34.1494],[-118.66352,34.14987],[-118.65372,34.15267],[-118.64158,34.15784],[-118.62625,34.16349],[-118.61651,34.16662],[-118.61449,34.1676],[-118.61135,34.16974],[-118.60899,34.17056],[-118.60761,34.17074],[-118.60607,34.1707],[-118.58835,34.16799],[-118.58514,34.16786],[-118.5833,34.16804],[-118.58078,34.16856],[-118.5696,34.17252],[-118.56717,34.17294],[-118.56035,34.17352],[-118.53619,34.17317],[-118.53432,34.17281],[-118.53103,34.1715],[-118.52916,34.17114],[-118.50362,34.17103],[-118.50189,34.17065],[-118.50041,34.17003],[-118.49402,34.16598],[-118.49219,34.16531],[-118.4905,34.16512],[-118.47652,34.16527],[-118.47528,34.1651],[-118.47435,34.16481],[-118.47342,34.1643],[-118.47275,34.16373],[-118.47114,34.16104],[-118.47002,34.15978],[-118.46952,34.15765],[-118.4684,34.1548],[-118.46818,34.15323],[-118.46826,34.15201],[-118.4687,34.1504],[-118.47048,34.14687],[-118.4713,34.14468],[-118.47161,34.14258],[-118.47134,34.13906],[-118.47151,34.13739],[-118.47417,34.12896],[-118.47527,34.12692],[-118.48105,34.11977],[-118.48157,34.11891],[-118.48193,34.11767],[-118.48229,34.11261],[-118.48214,34.1114],[-118.48171,34.11034],[-118.47817,34.10546],[-118.47754,34.10404],[-118.47748,34.1025],[-118.47811,34.10018],[-118.47814,34.09893],[-118.47781,34.09772],[-118.47656,34.0953],[-118.47483,34.08417],[-118.47422,34.08224],[-118.47289,34.08011],[-118.47029,34.07736],[-118.46555,34.07133],[-118.45766,34.06232],[-118.45077,34.05391],[-118.44987,34.05242],[-118.44902,34.05004],[-118.4483,34.04873],[-118.44006,34.03913],[-118.43741,34.03443],[-118.43654,34.03352],[-118.43385,34.03143],[-118.3929,33.9797],[-118.39012,33.97741],[-118.38971,33.97651],[-118.38959,33.97506],[-118.39384,33.97502],[-118.39419,33.97484],[-118.39588,33.96805],[-118.39624,33.96472],[-118.3963,33.95303],[-118.39645,33.9522],[-118.39632,33.95117],[-118.3963,33.9455],[-118.40102,33.94549],[-118.40791,33.9448],[-118.40833,33.94444],[-118.40808,33.94278],[-118.40783,33.94247]]}},
{"type":"Feature","properties":{"id":"o1","tipo":"opcional","dia":6,"km":251,"horas":3.5,"pontos":["page_cg","bryce_sunset","bryce_north"],"trechos":[{"de":"page_cg","para":"bryce_sunset","km":248.4,"min":202},{"de":"bryce_sunset","para":"bryce_north","km":2.7,"min":8}],"obs":"Não há estrada asfaltada direta de Page a Bryce: vai por Kanab, US-89 e UT-12."},"geometry":{"type":"LineString","coordinates":[[-111.4524,36.90137],[-111.45326,36.90136],[-111.45363,36.90115],[-111.45394,36.90178],[-111.45439,36.9033],[-111.45542,36.90898],[-111.45615,36.91095],[-111.45479,36.91139],[-111.45317,36.91235],[-111.45256,36.91302],[-111.45248,36.9133],[-111.45266,36.9138],[-111.45311,36.91409],[-111.45474,36.91432],[-111.45552,36.91466],[-111.45787,36.91716],[-111.46031,36.91926],[-111.46109,36.91966],[-111.46314,36.92014],[-111.46371,36.92041],[-111.46414,36.92115],[-111.46415,36.92458],[-111.46476,36.92529],[-111.46542,36.92551],[-111.46888,36.92575],[-111.4719,36.9257],[-111.47224,36.92681],[-111.47269,36.93049],[-111.47353,36.93223],[-111.47498,36.9337],[-111.47875,36.93607],[-111.47971,36.93638],[-111.48079,36.93632],[-111.48645,36.93457],[-111.48797,36.93443],[-111.48885,36.93461],[-111.48967,36.93499],[-111.49273,36.93701],[-111.49379,36.93787],[-111.49464,36.93904],[-111.49505,36.94015],[-111.49677,36.9483],[-111.49848,36.95155],[-111.50013,36.95357],[-111.5079,36.96145],[-111.51841,36.97548],[-111.51987,36.97701],[-111.5215,36.97821],[-111.52298,36.97896],[-111.52611,36.98004],[-111.54564,36.98235],[-111.54841,36.98287],[-111.55044,36.98347],[-111.55235,36.98424],[-111.55576,36.98622],[-111.5573,36.98747],[-111.60182,37.02796],[-111.60439,37.03002],[-111.60676,37.0316],[-111.61373,37.03516],[-111.61519,37.03614],[-111.61644,37.03737],[-111.62322,37.04677],[-111.62568,37.04934],[-111.62845,37.05128],[-111.63669,37.05564],[-111.63975,37.0579],[-111.64105,37.05922],[-111.65034,37.07064],[-111.65269,37.07283],[-111.65545,37.07459],[-111.65751,37.07555],[-111.67748,37.0836],[-111.68014,37.0846],[-111.68272,37.08527],[-111.83413,37.10472],[-111.8371,37.10506],[-111.84139,37.10524],[-111.85899,37.10413],[-111.86122,37.10343],[-111.86669,37.09981],[-111.86783,37.09952],[-111.86932,37.09957],[-111.89251,37.10556],[-111.92245,37.10993],[-111.92708,37.11095],[-111.93051,37.1122],[-111.93315,37.11353],[-111.93478,37.11455],[-111.95083,37.12616],[-111.95318,37.12727],[-111.95472,37.12768],[-111.9569,37.12789],[-111.96383,37.1277],[-111.96486,37.12755],[-111.96674,37.12695],[-111.97117,37.12423],[-111.97188,37.12393],[-111.9734,37.12372],[-111.97455,37.12394],[-111.97596,37.12481],[-111.97667,37.12593],[-111.97693,37.12952],[-111.97681,37.13148],[-111.96991,37.15493],[-111.96956,37.15697],[-111.96946,37.15905],[-111.96976,37.16174],[-111.9703,37.1639],[-111.97511,37.17707],[-111.97647,37.17989],[-111.97843,37.18217],[-111.98077,37.18389],[-111.98383,37.18532],[-111.98714,37.18611],[-111.9895,37.1863],[-111.99182,37.1862],[-111.99404,37.18583],[-111.99701,37.18485],[-112.04577,37.16013],[-112.05128,37.15697],[-112.08478,37.13498],[-112.10054,37.12267],[-112.2127,37.04458],[-112.21571,37.04296],[-112.21936,37.04172],[-112.22209,37.04124],[-112.22456,37.04105],[-112.36136,37.03746],[-112.36803,37.03717],[-112.37535,37.03632],[-112.38127,37.03522],[-112.42892,37.02415],[-112.43288,37.02352],[-112.43661,37.02313],[-112.44123,37.02291],[-112.44413,37.02292],[-112.44893,37.02319],[-112.45357,37.02375],[-112.48459,37.02893],[-112.48835,37.02977],[-112.4907,37.03055],[-112.49276,37.03143],[-112.51329,37.04231],[-112.51496,37.04278],[-112.51664,37.04299],[-112.52638,37.04299],[-112.52644,37.04756],[-112.52685,37.04802],[-112.52745,37.04815],[-112.53347,37.04817],[-112.53409,37.04836],[-112.53456,37.04869],[-112.53502,37.04967],[-112.53512,37.05433],[-112.53716,37.05984],[-112.53691,37.06278],[-112.5371,37.06568],[-112.53678,37.07166],[-112.5362,37.07342],[-112.53615,37.0741],[-112.53841,37.07772],[-112.53866,37.07863],[-112.53915,37.08276],[-112.54218,37.09092],[-112.54297,37.09469],[-112.54384,37.09612],[-112.54652,37.09839],[-112.54723,37.09953],[-112.54866,37.10337],[-112.54917,37.10781],[-112.54947,37.10893],[-112.55004,37.11006],[-112.55068,37.11085],[-112.55139,37.11154],[-112.5531,37.1126],[-112.55445,37.11307],[-112.55769,37.11383],[-112.55983,37.11476],[-112.56191,37.11638],[-112.56345,37.11844],[-112.56401,37.11987],[-112.56505,37.12472],[-112.56514,37.12681],[-112.56487,37.12963],[-112.56634,37.13383],[-112.56636,37.13479],[-112.5659,37.13678],[-112.56599,37.13784],[-112.56736,37.14058],[-112.56832,37.14525],[-112.56917,37.14754],[-112.57038,37.14966],[-112.57248,37.15231],[-112.57443,37.15412],[-112.57604,37.1553],[-112.57797,37.15647],[-112.58033,37.15759],[-112.65943,37.18957],[-112.66021,37.19019],[-112.66087,37.19142],[-112.66089,37.19371],[-112.66153,37.19494],[-112.66265,37.19569],[-112.66496,37.1962],[-112.66605,37.19674],[-112.67277,37.20343],[-112.67377,37.20395],[-112.67511,37.20418],[-112.68263,37.20342],[-112.68399,37.20367],[-112.68476,37.20418],[-112.6853,37.20494],[-112.68537,37.20536],[-112.68516,37.20639],[-112.68446,37.20797],[-112.68415,37.21041],[-112.68439,37.21442],[-112.68403,37.21603],[-112.68159,37.2224],[-112.68113,37.22326],[-112.67924,37.22511],[-112.678,37.22674],[-112.67408,37.23674],[-112.67325,37.23847],[-112.67091,37.24185],[-112.66229,37.24942],[-112.66162,37.25018],[-112.6606,37.25233],[-112.65902,37.25664],[-112.65843,37.25772],[-112.64975,37.27109],[-112.64842,37.27204],[-112.6437,37.27444],[-112.64241,37.2754],[-112.6413,37.27591],[-112.64062,37.27603],[-112.63251,37.27595],[-112.63133,37.27623],[-112.63073,37.27655],[-112.62997,37.27731],[-112.62823,37.28007],[-112.62716,37.28136],[-112.62583,37.28235],[-112.62357,37.28357],[-112.62238,37.28462],[-112.61876,37.29092],[-112.61412,37.29681],[-112.61224,37.29826],[-112.6064,37.30083],[-112.60367,37.30238],[-112.60116,37.30453],[-112.59987,37.3061],[-112.59898,37.30749],[-112.598,37.30984],[-112.59756,37.31216],[-112.5976,37.32229],[-112.59787,37.32294],[-112.59914,37.32459],[-112.59978,37.32652],[-112.59982,37.3301],[-112.60014,37.33144],[-112.60078,37.33254],[-112.60338,37.33575],[-112.60509,37.33926],[-112.60521,37.34043],[-112.60491,37.34145],[-112.60445,37.34212],[-112.60034,37.34623],[-112.59846,37.35022],[-112.59791,37.35349],[-112.59816,37.35438],[-112.59925,37.35619],[-112.59936,37.35715],[-112.59815,37.36031],[-112.59712,37.36143],[-112.59453,37.36271],[-112.59376,37.36326],[-112.59306,37.36394],[-112.59255,37.36494],[-112.59247,37.36597],[-112.59276,37.36687],[-112.59438,37.36865],[-112.59485,37.36955],[-112.59491,37.37175],[-112.59467,37.37323],[-112.59419,37.3741],[-112.59208,37.37655],[-112.59028,37.37798],[-112.58803,37.37881],[-112.58343,37.37901],[-112.58223,37.37926],[-112.58133,37.37962],[-112.58021,37.38028],[-112.57705,37.38285],[-112.57541,37.38374],[-112.57084,37.38578],[-112.56925,37.38705],[-112.56817,37.38827],[-112.56719,37.38907],[-112.56444,37.39037],[-112.56331,37.39107],[-112.56186,37.39271],[-112.5582,37.39787],[-112.55583,37.40287],[-112.55511,37.40365],[-112.55327,37.40514],[-112.55138,37.40855],[-112.54779,37.41316],[-112.54748,37.41384],[-112.54702,37.41591],[-112.54652,37.41685],[-112.54058,37.42283],[-112.53895,37.42518],[-112.5384,37.42644],[-112.53823,37.42762],[-112.53866,37.43235],[-112.53823,37.43808],[-112.5378,37.44151],[-112.537,37.44402],[-112.53605,37.44572],[-112.53466,37.4475],[-112.5337,37.44846],[-112.52819,37.45291],[-112.52581,37.45652],[-112.52446,37.45824],[-112.52295,37.45981],[-112.51984,37.46236],[-112.51877,37.46374],[-112.51688,37.46948],[-112.51339,37.47395],[-112.51311,37.47481],[-112.51317,37.47632],[-112.5141,37.47909],[-112.51447,37.48173],[-112.5144,37.48338],[-112.51405,37.48541],[-112.51339,37.48727],[-112.51152,37.49056],[-112.50818,37.4956],[-112.50702,37.49683],[-112.50463,37.4985],[-112.50323,37.49983],[-112.49834,37.50669],[-112.4978,37.50789],[-112.49753,37.50902],[-112.49779,37.5145],[-112.49728,37.51641],[-112.49656,37.51769],[-112.4875,37.5307],[-112.48704,37.53277],[-112.48792,37.55481],[-112.48764,37.55792],[-112.48661,37.56088],[-112.47782,37.57786],[-112.47614,37.58645],[-112.47574,37.5876],[-112.47467,37.5893],[-112.47214,37.59195],[-112.47121,37.59362],[-112.47081,37.59545],[-112.47094,37.59893],[-112.47083,37.60015],[-112.47036,37.60134],[-112.46885,37.60341],[-112.46803,37.60503],[-112.46769,37.60651],[-112.46744,37.61051],[-112.46708,37.61178],[-112.46652,37.6129],[-112.45529,37.62964],[-112.45418,37.63099],[-112.45288,37.63212],[-112.45142,37.63311],[-112.4398,37.63836],[-112.43835,37.63939],[-112.43716,37.64063],[-112.43515,37.64405],[-112.43451,37.64568],[-112.4344,37.65533],[-112.43393,37.65679],[-112.43315,37.65793],[-112.42607,37.66353],[-112.42301,37.66562],[-112.42076,37.6669],[-112.41664,37.66884],[-112.40447,37.67392],[-112.40242,37.67542],[-112.40074,37.67765],[-112.399,37.68074],[-112.39884,37.68254],[-112.39915,37.68374],[-112.40216,37.6896],[-112.4024,37.69051],[-112.40251,37.69215],[-112.40211,37.69398],[-112.40069,37.69685],[-112.39839,37.70036],[-112.38929,37.71191],[-112.38161,37.72816],[-112.38047,37.73071],[-112.37984,37.73316],[-112.37956,37.74359],[-112.37877,37.74593],[-112.37715,37.74855],[-112.37684,37.74948],[-112.37656,37.74963],[-112.35995,37.74849],[-112.34005,37.74469],[-112.33549,37.74343],[-112.33446,37.74328],[-112.33312,37.74334],[-112.32807,37.74434],[-112.32734,37.74476],[-112.32579,37.74643],[-112.32485,37.74699],[-112.32358,37.74735],[-112.32273,37.74731],[-112.32192,37.74708],[-112.3191,37.7453],[-112.3166,37.74441],[-112.31498,37.74436],[-112.31239,37.74474],[-112.30997,37.74393],[-112.30906,37.74387],[-112.30642,37.74451],[-112.30489,37.74441],[-112.30302,37.74469],[-112.30212,37.74464],[-112.30143,37.74435],[-112.30103,37.74397],[-112.30035,37.74183],[-112.29933,37.74089],[-112.29828,37.74049],[-112.2969,37.74033],[-112.29639,37.74013],[-112.29463,37.73875],[-112.29319,37.7382],[-112.29132,37.73722],[-112.28837,37.73669],[-112.28744,37.73631],[-112.28207,37.73295],[-112.27974,37.73206],[-112.27711,37.73014],[-112.27581,37.72977],[-112.27356,37.72959],[-112.27223,37.7291],[-112.27117,37.72831],[-112.26965,37.72662],[-112.26735,37.72503],[-112.26622,37.72322],[-112.26533,37.72223],[-112.26415,37.72134],[-112.26324,37.72087],[-112.26145,37.72045],[-112.23625,37.71716],[-112.23361,37.71663],[-112.20883,37.7091],[-112.20523,37.70734],[-112.1975,37.70185],[-112.19485,37.70043],[-112.1922,37.69943],[-112.18845,37.6986],[-112.15576,37.69335],[-112.1529,37.69262],[-112.1522,37.69088],[-112.1522,37.69019],[-112.15846,37.66644],[-112.16255,37.65566],[-112.16366,37.65195],[-112.1661,37.64541],[-112.16817,37.64243],[-112.16906,37.64018],[-112.17175,37.63697],[-112.17309,37.6343],[-112.17365,37.63248],[-112.17365,37.63116],[-112.17336,37.62965],[-112.17143,37.62561],[-112.17117,37.62427],[-112.16939,37.62407],[-112.16759,37.62337],[-112.16714,37.62366],[-112.16742,37.62403],[-112.16856,37.62382],[-112.16975,37.62415],[-112.17117,37.62427],[-112.17133,37.62534],[-112.17211,37.62704],[-112.1698,37.62731],[-112.16866,37.62765],[-112.16772,37.62815],[-112.16689,37.62897],[-112.16645,37.63001],[-112.16662,37.63136],[-112.16697,37.63204],[-112.16777,37.6326],[-112.16751,37.63298],[-112.16616,37.63345],[-112.16598,37.63426],[-112.16538,37.63483],[-112.16534,37.6351],[-112.16581,37.63548],[-112.16641,37.6354],[-112.16643,37.63511],[-112.16689,37.63491],[-112.167,37.63447],[-112.16721,37.6344],[-112.16767,37.63463],[-112.16761,37.63542],[-112.16739,37.63559]]}},
{"type":"Feature","properties":{"id":"o2","tipo":"opcional","dia":5,"km":290.8,"horas":4.1,"pontos":["mather","desert_view","cameron","kayenta","monument_view"],"trechos":[{"de":"mather","para":"desert_view","km":38.2,"min":44},{"de":"desert_view","para":"cameron","km":53.1,"min":45},{"de":"cameron","para":"kayenta","km":157.4,"min":115},{"de":"kayenta","para":"monument_view","km":42.1,"min":42}]},"geometry":{"type":"LineString","coordinates":[[-112.12044,36.05017],[-112.12115,36.05082],[-112.12125,36.05156],[-112.12231,36.05143],[-112.1225,36.05179],[-112.1225,36.05249],[-112.12317,36.05356],[-112.12219,36.0541],[-112.12111,36.05512],[-112.12015,36.05464],[-112.11895,36.05489],[-112.11829,36.05514],[-112.11707,36.05608],[-112.11408,36.05711],[-112.11334,36.0577],[-112.11244,36.05906],[-112.11166,36.05931],[-112.11121,36.05923],[-112.1112,36.05856],[-112.11098,36.05825],[-112.10881,36.05665],[-112.10843,36.05655],[-112.10769,36.05664],[-112.10675,36.05725],[-112.10603,36.05742],[-112.10545,36.05731],[-112.10491,36.0569],[-112.10457,36.05579],[-112.10452,36.05494],[-112.10481,36.05369],[-112.10556,36.05232],[-112.10526,36.05217],[-112.10241,36.05083],[-112.09879,36.04998],[-112.09453,36.04804],[-112.09108,36.04725],[-112.08739,36.04705],[-112.08519,36.04627],[-112.07297,36.03701],[-112.06877,36.03454],[-112.0674,36.0331],[-112.06505,36.02625],[-112.06503,36.02499],[-112.06633,36.0157],[-112.0657,36.0132],[-112.06467,36.01199],[-112.0632,36.0114],[-112.06001,36.01109],[-112.05563,36.00959],[-112.0529,36.00899],[-112.0515,36.00849],[-112.03159,35.99612],[-112.02854,35.99513],[-112.02539,35.99387],[-112.02355,35.99358],[-112.02164,35.99379],[-112.02035,35.99423],[-112.01474,35.99675],[-112.01331,35.99711],[-112.01093,35.99731],[-112.00813,35.99706],[-112.0071,35.99681],[-112.00169,35.99413],[-111.9981,35.99316],[-111.99692,35.99258],[-111.99506,35.99132],[-111.99263,35.98936],[-111.99187,35.98852],[-111.99024,35.98524],[-111.98834,35.97864],[-111.98727,35.9774],[-111.98613,35.97682],[-111.98342,35.97595],[-111.98292,35.97559],[-111.98251,35.97511],[-111.98187,35.97347],[-111.98131,35.97263],[-111.97893,35.97041],[-111.97478,35.96858],[-111.97168,35.96819],[-111.97011,35.96843],[-111.96573,35.97018],[-111.96467,35.97113],[-111.96359,35.97311],[-111.96213,35.97462],[-111.9609,35.97533],[-111.95797,35.97651],[-111.95559,35.97884],[-111.95198,35.98107],[-111.95117,35.98128],[-111.94995,35.98128],[-111.94661,35.98015],[-111.94518,35.98026],[-111.94405,35.98075],[-111.94058,35.98339],[-111.93989,35.98458],[-111.93941,35.98626],[-111.93878,35.98725],[-111.92593,36.0013],[-111.92428,36.00221],[-111.91834,36.00356],[-111.91732,36.00393],[-111.91396,36.00634],[-111.91254,36.00891],[-111.90899,36.01104],[-111.9079,36.01134],[-111.90568,36.01151],[-111.90453,36.01136],[-111.89699,36.00754],[-111.89622,36.00724],[-111.89555,36.00718],[-111.89426,36.00758],[-111.89296,36.00907],[-111.89247,36.0094],[-111.89195,36.00947],[-111.89146,36.00934],[-111.89044,36.00839],[-111.88992,36.00813],[-111.88935,36.00801],[-111.8886,36.00808],[-111.88493,36.0095],[-111.88352,36.01062],[-111.8829,36.0109],[-111.88085,36.01111],[-111.87804,36.01208],[-111.87679,36.01192],[-111.87541,36.01044],[-111.87473,36.01028],[-111.87425,36.01065],[-111.87334,36.01259],[-111.87299,36.01299],[-111.86352,36.01664],[-111.863,36.0171],[-111.86195,36.01909],[-111.86109,36.01998],[-111.85843,36.02203],[-111.85617,36.02315],[-111.85343,36.02627],[-111.85248,36.02704],[-111.84964,36.02826],[-111.8478,36.02954],[-111.83996,36.03581],[-111.83859,36.03741],[-111.83784,36.03766],[-111.83725,36.03764],[-111.83664,36.03737],[-111.83571,36.03645],[-111.83516,36.03631],[-111.83468,36.03639],[-111.83422,36.03674],[-111.83342,36.03806],[-111.83236,36.03881],[-111.8306,36.03931],[-111.82958,36.03912],[-111.82907,36.03976],[-111.82821,36.03938],[-111.82772,36.03949],[-111.82613,36.04146],[-111.82562,36.04176],[-111.82572,36.04204],[-111.82606,36.04194],[-111.82625,36.04127],[-111.8276,36.03957],[-111.82821,36.03938],[-111.82907,36.03976],[-111.82958,36.03912],[-111.82906,36.03856],[-111.82906,36.0379],[-111.82926,36.03746],[-111.83059,36.03599],[-111.8316,36.03393],[-111.83177,36.033],[-111.83159,36.03239],[-111.83116,36.03178],[-111.82935,36.03032],[-111.82857,36.02951],[-111.8262,36.02538],[-111.82509,36.02419],[-111.82402,36.02339],[-111.82255,36.02261],[-111.82126,36.02215],[-111.8173,36.02153],[-111.81599,36.02115],[-111.81297,36.01951],[-111.8113,36.01896],[-111.80927,36.01863],[-111.8087,36.01843],[-111.80789,36.01788],[-111.80734,36.01709],[-111.80717,36.0163],[-111.8076,36.01401],[-111.80843,36.01183],[-111.80826,36.01098],[-111.80799,36.01056],[-111.80762,36.0102],[-111.80582,36.0092],[-111.80478,36.00844],[-111.80392,36.00749],[-111.80226,36.00513],[-111.80115,36.00439],[-111.79867,36.00318],[-111.7977,36.00242],[-111.79698,36.00155],[-111.79634,36.00004],[-111.7963,35.99841],[-111.79677,35.99702],[-111.79897,35.993],[-111.79936,35.99176],[-111.79945,35.98996],[-111.79887,35.98776],[-111.79827,35.98669],[-111.79134,35.97781],[-111.78998,35.97552],[-111.78109,35.95113],[-111.77961,35.94784],[-111.76364,35.92665],[-111.76208,35.92505],[-111.76021,35.9239],[-111.75785,35.92311],[-111.7555,35.92284],[-111.73359,35.92337],[-111.73219,35.92357],[-111.73148,35.92379],[-111.73041,35.92443],[-111.72638,35.92782],[-111.72419,35.92896],[-111.72268,35.92942],[-111.71114,35.93161],[-111.71003,35.93196],[-111.7091,35.9325],[-111.7083,35.93324],[-111.70349,35.93862],[-111.70205,35.93941],[-111.70018,35.93967],[-111.69842,35.93928],[-111.69577,35.93768],[-111.69449,35.93709],[-111.69271,35.93666],[-111.69143,35.93656],[-111.683,35.93681],[-111.6767,35.93812],[-111.66514,35.9393],[-111.66356,35.93928],[-111.66244,35.93899],[-111.65956,35.93769],[-111.65609,35.93728],[-111.65084,35.93585],[-111.64888,35.93546],[-111.64515,35.93517],[-111.64402,35.93494],[-111.6409,35.93351],[-111.63878,35.93286],[-111.62712,35.93174],[-111.62374,35.93116],[-111.62158,35.93048],[-111.61914,35.92942],[-111.61123,35.9248],[-111.60874,35.92385],[-111.60592,35.92353],[-111.58855,35.92388],[-111.58537,35.92346],[-111.58067,35.92256],[-111.57239,35.92018],[-111.56893,35.91885],[-111.56627,35.91728],[-111.55178,35.90792],[-111.54837,35.90492],[-111.51951,35.87797],[-111.51753,35.87642],[-111.51489,35.87531],[-111.50516,35.87353],[-111.50207,35.87276],[-111.49909,35.87183],[-111.49352,35.86958],[-111.49159,35.86865],[-111.48991,35.86757],[-111.48189,35.86093],[-111.48095,35.8602],[-111.4792,35.85926],[-111.47682,35.85855],[-111.47479,35.85836],[-111.45894,35.85884],[-111.4547,35.85916],[-111.45146,35.85913],[-111.4474,35.85845],[-111.43965,35.85596],[-111.437,35.85569],[-111.42934,35.85577],[-111.42603,35.85539],[-111.42537,35.85512],[-111.42515,35.85471],[-111.42483,35.85469],[-111.4243,35.85554],[-111.41867,35.86153],[-111.41742,35.8631],[-111.41518,35.86658],[-111.41352,35.87006],[-111.41209,35.87455],[-111.41261,35.8747],[-111.41346,35.8747],[-111.41345,35.87576],[-111.41346,35.8747],[-111.41261,35.8747],[-111.41209,35.87455],[-111.40721,35.89126],[-111.40611,35.89601],[-111.40557,35.89927],[-111.39308,35.9908],[-111.39287,35.99466],[-111.39308,35.99856],[-111.39696,36.02294],[-111.39799,36.0286],[-111.39818,36.03338],[-111.39766,36.03825],[-111.39185,36.07598],[-111.39002,36.07599],[-111.38864,36.07619],[-111.37134,36.0813],[-111.36944,36.08203],[-111.36822,36.08317],[-111.36782,36.08382],[-111.36753,36.08491],[-111.3676,36.08872],[-111.36661,36.09042],[-111.36393,36.09357],[-111.36342,36.09399],[-111.36176,36.09501],[-111.35978,36.09577],[-111.35865,36.09603],[-111.33945,36.0989],[-111.2987,36.1017],[-111.29112,36.10242],[-111.24645,36.10773],[-111.2443,36.10812],[-111.23671,36.10998],[-111.23563,36.11044],[-111.2347,36.11115],[-111.23149,36.11693],[-111.23066,36.11803],[-111.22924,36.11936],[-111.22678,36.12069],[-111.22426,36.12133],[-111.20978,36.12316],[-111.20524,36.1241],[-111.20282,36.12484],[-111.19839,36.12653],[-111.18918,36.13051],[-111.09724,36.16391],[-111.09423,36.16513],[-111.0926,36.16607],[-111.0901,36.16793],[-111.0756,36.18133],[-111.02681,36.23643],[-111.02573,36.2385],[-111.01641,36.26875],[-111.01538,36.2705],[-111.01469,36.27126],[-110.99107,36.29109],[-110.95155,36.31709],[-110.94945,36.31829],[-110.93045,36.3255],[-110.92941,36.32598],[-110.92778,36.32705],[-110.92654,36.32825],[-110.88103,36.39015],[-110.8805,36.39076],[-110.87947,36.39156],[-110.87838,36.3921],[-110.87533,36.39323],[-110.79146,36.42407],[-110.75085,36.44008],[-110.74822,36.44067],[-110.74082,36.44101],[-110.73857,36.4416],[-110.6551,36.47676],[-110.65287,36.478],[-110.63344,36.49003],[-110.59396,36.51655],[-110.59093,36.51843],[-110.57082,36.52913],[-110.54414,36.54304],[-110.48129,36.57047],[-110.47893,36.5722],[-110.47384,36.57791],[-110.47278,36.57961],[-110.47199,36.58179],[-110.47174,36.58413],[-110.47305,36.60775],[-110.47283,36.6095],[-110.4722,36.61142],[-110.47148,36.61281],[-110.47037,36.61426],[-110.46342,36.6211],[-110.4512,36.63102],[-110.43788,36.64119],[-110.43395,36.64577],[-110.4256,36.65301],[-110.41949,36.66064],[-110.4184,36.66169],[-110.39183,36.67765],[-110.36496,36.69268],[-110.36309,36.69345],[-110.36084,36.69402],[-110.3366,36.69835],[-110.33393,36.69854],[-110.3012,36.69952],[-110.24727,36.70774],[-110.25645,36.72222],[-110.25673,36.72333],[-110.25656,36.72423],[-110.25592,36.72516],[-110.25519,36.72571],[-110.25449,36.726],[-110.25444,36.72777],[-110.2546,36.72778],[-110.25444,36.72777],[-110.25449,36.726],[-110.24708,36.72859],[-110.24593,36.72919],[-110.24452,36.7302],[-110.23591,36.73939],[-110.22987,36.74402],[-110.22675,36.74826],[-110.22606,36.74995],[-110.22592,36.75074],[-110.22591,36.75203],[-110.22625,36.75477],[-110.23445,36.81787],[-110.23505,36.81969],[-110.2376,36.82447],[-110.23885,36.82638],[-110.24672,36.83298],[-110.24847,36.83406],[-110.2577,36.83882],[-110.25997,36.8394],[-110.26303,36.83985],[-110.26446,36.84052],[-110.27057,36.84823],[-110.27079,36.84887],[-110.27089,36.8533],[-110.27044,36.85489],[-110.24805,36.88868],[-110.22594,36.92344],[-110.22095,36.931],[-110.21252,36.94279],[-110.18201,36.98256],[-110.18118,36.98418],[-110.1736,37.00381],[-110.17337,37.00409],[-110.17293,37.0041],[-110.15991,37.00004],[-110.15505,36.99833],[-110.1185,36.98505],[-110.11376,36.98265],[-110.11237,36.98237],[-110.11192,36.98311],[-110.11229,36.98357],[-110.11257,36.98335]]}},
{"type":"Feature","properties":{"id":"o3","tipo":"opcional","dia":6,"km":474.2,"horas":6.2,"pontos":["page_cg","moab","devils_garden"],"trechos":[{"de":"page_cg","para":"moab","km":437,"min":327},{"de":"moab","para":"devils_garden","km":37.2,"min":43}]},"geometry":{"type":"LineString","coordinates":[[-111.4524,36.90137],[-111.45326,36.90136],[-111.45363,36.90115],[-111.45223,36.89919],[-111.45146,36.89863],[-111.45069,36.89831],[-111.44814,36.89791],[-111.44696,36.89746],[-111.44588,36.89652],[-111.44504,36.89502],[-111.4399,36.89557],[-111.42295,36.89984],[-111.42094,36.89999],[-111.37271,36.89165],[-111.37006,36.89071],[-111.34665,36.87969],[-111.34578,36.87923],[-111.34467,36.87831],[-111.34384,36.87721],[-111.34345,36.87629],[-111.33686,36.8563],[-111.32916,36.8443],[-111.32736,36.84236],[-111.3111,36.82874],[-111.30994,36.82736],[-111.30936,36.82593],[-111.306,36.81404],[-111.30595,36.81307],[-111.30653,36.80844],[-111.30644,36.80726],[-111.30593,36.80561],[-111.28665,36.77558],[-111.28586,36.7741],[-111.2854,36.77193],[-111.28447,36.73496],[-111.28423,36.73344],[-111.28348,36.7319],[-111.25483,36.68254],[-111.25452,36.68151],[-111.25455,36.68],[-111.257,36.67392],[-111.25703,36.67235],[-111.25632,36.67059],[-111.24088,36.65381],[-111.23876,36.65246],[-111.21995,36.64253],[-111.2188,36.6416],[-111.20612,36.62938],[-111.20473,36.62775],[-111.20139,36.62313],[-111.20006,36.62179],[-111.14507,36.58187],[-111.1433,36.58109],[-111.14209,36.58075],[-111.12247,36.576],[-111.12008,36.57583],[-111.11781,36.57635],[-111.11641,36.57709],[-111.10783,36.58258],[-111.10569,36.58429],[-111.08773,36.60426],[-111.08628,36.60514],[-111.07932,36.60806],[-111.07232,36.61245],[-111.07023,36.61319],[-111.06873,36.61335],[-111.0629,36.61323],[-111.01526,36.61201],[-110.97212,36.61764],[-110.96865,36.61787],[-110.93554,36.61552],[-110.92603,36.61401],[-110.92448,36.61325],[-110.92212,36.61101],[-110.92162,36.61003],[-110.92034,36.60551],[-110.91981,36.60455],[-110.91824,36.60322],[-110.91468,36.60084],[-110.91159,36.59672],[-110.91028,36.59588],[-110.89966,36.59303],[-110.89431,36.59116],[-110.88575,36.59073],[-110.87423,36.58837],[-110.87222,36.5877],[-110.8713,36.58724],[-110.85977,36.58093],[-110.85747,36.58014],[-110.85557,36.57987],[-110.85306,36.57999],[-110.83337,36.5836],[-110.82168,36.58483],[-110.81964,36.58491],[-110.77432,36.57694],[-110.77233,36.57626],[-110.77072,36.57527],[-110.75167,36.56103],[-110.75007,36.56031],[-110.74806,36.56003],[-110.74663,36.56021],[-110.73869,36.56313],[-110.73686,36.56346],[-110.73561,36.56344],[-110.72595,36.56209],[-110.72268,36.56118],[-110.71815,36.55914],[-110.70347,36.55193],[-110.70257,36.55129],[-110.70161,36.5502],[-110.70105,36.54915],[-110.70082,36.54792],[-110.70145,36.52828],[-110.70586,36.50461],[-110.70524,36.48595],[-110.70494,36.48429],[-110.70413,36.48257],[-110.69212,36.46116],[-110.65397,36.47732],[-110.63344,36.49003],[-110.59233,36.51764],[-110.57082,36.52913],[-110.54483,36.54269],[-110.48268,36.56977],[-110.48008,36.57125],[-110.47841,36.57272],[-110.47384,36.57791],[-110.47278,36.57961],[-110.47199,36.58179],[-110.47174,36.58413],[-110.47305,36.60775],[-110.47283,36.6095],[-110.4722,36.61142],[-110.47148,36.61281],[-110.47037,36.61426],[-110.46342,36.6211],[-110.4512,36.63102],[-110.43788,36.64119],[-110.43395,36.64577],[-110.4256,36.65301],[-110.41949,36.66064],[-110.4184,36.66169],[-110.39183,36.67765],[-110.36425,36.69301],[-110.36257,36.69361],[-110.36084,36.69402],[-110.3361,36.69841],[-110.30052,36.6996],[-110.10708,36.72931],[-110.10441,36.73012],[-110.10299,36.7307],[-110.07672,36.74269],[-110.01882,36.77423],[-110.01578,36.7756],[-110.01161,36.77679],[-109.95883,36.78663],[-109.9552,36.78772],[-109.94071,36.79413],[-109.87099,36.82283],[-109.8681,36.82435],[-109.85336,36.83406],[-109.83601,36.84658],[-109.83437,36.84798],[-109.83281,36.84971],[-109.83177,36.85126],[-109.82811,36.85773],[-109.82008,36.86904],[-109.81958,36.87083],[-109.82025,36.8768],[-109.8202,36.87796],[-109.81997,36.87877],[-109.81929,36.87992],[-109.81606,36.8836],[-109.81435,36.88524],[-109.81194,36.88682],[-109.79594,36.8955],[-109.79379,36.89698],[-109.79187,36.89915],[-109.78914,36.90359],[-109.7879,36.90515],[-109.78281,36.90968],[-109.77988,36.91202],[-109.76723,36.91884],[-109.73681,36.93834],[-109.72284,36.94558],[-109.72155,36.94609],[-109.72032,36.94635],[-109.71838,36.94638],[-109.71275,36.94501],[-109.70772,36.94309],[-109.70303,36.94044],[-109.70152,36.93976],[-109.69918,36.93907],[-109.69668,36.93874],[-109.69293,36.93888],[-109.65186,36.9416],[-109.64889,36.94161],[-109.64588,36.94124],[-109.64301,36.94052],[-109.6399,36.93924],[-109.61565,36.92563],[-109.61308,36.92465],[-109.60993,36.92404],[-109.60711,36.92398],[-109.58951,36.92553],[-109.58621,36.92634],[-109.57459,36.93046],[-109.57865,36.93972],[-109.58047,36.94338],[-109.58978,36.95723],[-109.60379,36.98035],[-109.60463,36.98199],[-109.60559,36.98442],[-109.60884,36.99727],[-109.61224,37.01093],[-109.61234,37.013],[-109.61196,37.01437],[-109.61094,37.01596],[-109.60079,37.02638],[-109.59809,37.02862],[-109.58489,37.03803],[-109.58286,37.03974],[-109.58069,37.04186],[-109.56676,37.05662],[-109.5524,37.06999],[-109.55034,37.0725],[-109.54891,37.07523],[-109.54844,37.07669],[-109.5481,37.07863],[-109.54777,37.09521],[-109.54488,37.1193],[-109.54503,37.12169],[-109.54553,37.12329],[-109.54648,37.12501],[-109.56539,37.14959],[-109.58085,37.17152],[-109.60587,37.20325],[-109.61639,37.22132],[-109.61723,37.2229],[-109.61765,37.22433],[-109.6177,37.22615],[-109.6173,37.22772],[-109.61627,37.22952],[-109.6084,37.23906],[-109.60785,37.24018],[-109.60754,37.24133],[-109.60759,37.24376],[-109.60787,37.24472],[-109.6086,37.24615],[-109.61331,37.25257],[-109.62475,37.26329],[-109.62535,37.26422],[-109.62571,37.26552],[-109.60934,37.2671],[-109.6071,37.26751],[-109.60156,37.26911],[-109.59812,37.27036],[-109.59076,37.27414],[-109.57751,37.27958],[-109.57384,37.28089],[-109.57049,37.28139],[-109.56331,37.28184],[-109.56079,37.28273],[-109.55974,37.28293],[-109.55069,37.28306],[-109.54945,37.28332],[-109.54877,37.28381],[-109.5472,37.28561],[-109.54409,37.28753],[-109.54043,37.29063],[-109.5382,37.29479],[-109.53736,37.29574],[-109.5355,37.29733],[-109.53172,37.30165],[-109.52866,37.30639],[-109.52446,37.31776],[-109.51974,37.33166],[-109.51961,37.33327],[-109.51995,37.33771],[-109.51982,37.34062],[-109.51847,37.35239],[-109.5179,37.35437],[-109.51677,37.35637],[-109.50799,37.36754],[-109.50731,37.36862],[-109.50554,37.37401],[-109.50385,37.37781],[-109.50092,37.38535],[-109.50045,37.38826],[-109.50011,37.38941],[-109.49715,37.39535],[-109.4876,37.41],[-109.4863,37.41127],[-109.47911,37.41676],[-109.47253,37.42556],[-109.47191,37.42684],[-109.47142,37.42878],[-109.47142,37.43351],[-109.47101,37.43628],[-109.47055,37.43769],[-109.46821,37.44275],[-109.46733,37.44611],[-109.46708,37.44882],[-109.46695,37.47218],[-109.46715,37.47485],[-109.46773,37.47729],[-109.46856,37.47898],[-109.46942,37.48017],[-109.47503,37.48638],[-109.4789,37.49014],[-109.49301,37.51241],[-109.49375,37.5141],[-109.49405,37.51579],[-109.49409,37.53699],[-109.49389,37.53822],[-109.48961,37.55443],[-109.48942,37.56955],[-109.48927,37.5706],[-109.48879,37.57156],[-109.48815,37.57227],[-109.48663,37.5732],[-109.48529,37.57355],[-109.48208,37.57369],[-109.48016,37.57436],[-109.47887,37.57551],[-109.47822,37.57697],[-109.47892,37.61227],[-109.47883,37.61575],[-109.47799,37.61801],[-109.47805,37.62539],[-109.47514,37.62548],[-109.47409,37.62587],[-109.47355,37.62624],[-109.47186,37.62822],[-109.46654,37.63544],[-109.46245,37.64473],[-109.45968,37.65171],[-109.45863,37.6531],[-109.45726,37.65401],[-109.45557,37.65455],[-109.44898,37.65477],[-109.4458,37.65547],[-109.44424,37.65611],[-109.44183,37.65757],[-109.43557,37.6622],[-109.43403,37.66381],[-109.43279,37.66553],[-109.43065,37.67065],[-109.43023,37.67359],[-109.43064,37.67605],[-109.43229,37.68096],[-109.43219,37.68783],[-109.43173,37.68966],[-109.42663,37.70171],[-109.42283,37.70618],[-109.4213,37.7087],[-109.42093,37.71023],[-109.4208,37.71518],[-109.41928,37.71922],[-109.41214,37.72915],[-109.40546,37.73705],[-109.4012,37.74397],[-109.40055,37.74548],[-109.40009,37.74716],[-109.39876,37.75436],[-109.39781,37.75653],[-109.39671,37.7581],[-109.3948,37.76],[-109.39237,37.76164],[-109.37823,37.76784],[-109.37367,37.76934],[-109.36587,37.77065],[-109.36372,37.77113],[-109.36085,37.77216],[-109.35799,37.77363],[-109.355,37.77598],[-109.35336,37.77783],[-109.3518,37.78035],[-109.35,37.78386],[-109.34763,37.78735],[-109.34659,37.78827],[-109.34333,37.78999],[-109.34233,37.79082],[-109.34159,37.79174],[-109.33791,37.8013],[-109.33738,37.80309],[-109.33705,37.80516],[-109.33689,37.85628],[-109.33721,37.85824],[-109.33791,37.85971],[-109.33914,37.86124],[-109.34205,37.86379],[-109.34256,37.86455],[-109.34292,37.86549],[-109.34292,37.88393],[-109.34263,37.88574],[-109.34143,37.88906],[-109.34127,37.89081],[-109.34159,37.89264],[-109.34546,37.90625],[-109.34602,37.90925],[-109.34616,37.9478],[-109.34634,37.94935],[-109.34685,37.95088],[-109.34766,37.95235],[-109.35643,37.96484],[-109.35695,37.96603],[-109.35724,37.96753],[-109.35708,37.96954],[-109.35518,37.97391],[-109.35488,37.97521],[-109.35501,37.977],[-109.35614,37.98032],[-109.35617,37.98123],[-109.35583,37.9835],[-109.35526,37.98566],[-109.35351,37.98936],[-109.35303,37.99146],[-109.35306,37.99291],[-109.35365,37.99701],[-109.35357,37.99801],[-109.35294,38.00045],[-109.35294,38.0014],[-109.35309,38.00234],[-109.35381,38.00436],[-109.35392,38.0054],[-109.35345,38.00685],[-109.35231,38.00921],[-109.35113,38.01255],[-109.34991,38.01517],[-109.34449,38.03684],[-109.34252,38.04525],[-109.34223,38.04812],[-109.3424,38.05202],[-109.34311,38.05572],[-109.3439,38.05809],[-109.36342,38.10777],[-109.38025,38.17605],[-109.38156,38.18206],[-109.38147,38.18549],[-109.38073,38.18883],[-109.37968,38.19133],[-109.37862,38.19317],[-109.37626,38.1966],[-109.37543,38.19858],[-109.37329,38.21293],[-109.3731,38.21552],[-109.37356,38.21855],[-109.3823,38.24686],[-109.38263,38.24893],[-109.38253,38.25101],[-109.38203,38.25329],[-109.38145,38.25477],[-109.37287,38.27316],[-109.37231,38.27472],[-109.37183,38.27738],[-109.37201,38.27995],[-109.37227,38.2812],[-109.37302,38.28335],[-109.37452,38.28588],[-109.3765,38.28808],[-109.37777,38.28917],[-109.39503,38.30194],[-109.40541,38.31078],[-109.40798,38.31261],[-109.41003,38.31386],[-109.4238,38.32193],[-109.42633,38.32396],[-109.42704,38.32471],[-109.42876,38.32704],[-109.42975,38.32905],[-109.43452,38.34586],[-109.43473,38.34924],[-109.43459,38.3585],[-109.43512,38.36238],[-109.43567,38.36381],[-109.43763,38.36574],[-109.43899,38.36766],[-109.44009,38.36865],[-109.44555,38.37121],[-109.44729,38.37227],[-109.44898,38.37363],[-109.4544,38.37951],[-109.45525,38.38059],[-109.45584,38.38169],[-109.45625,38.3829],[-109.45637,38.38466],[-109.45502,38.39085],[-109.45438,38.39201],[-109.44758,38.40103],[-109.44732,38.40247],[-109.44812,38.40503],[-109.44781,38.40619],[-109.44449,38.41144],[-109.44294,38.41331],[-109.44058,38.41537],[-109.4292,38.42384],[-109.4281,38.42517],[-109.42761,38.4265],[-109.42752,38.42743],[-109.42852,38.43689],[-109.42902,38.43877],[-109.43019,38.44128],[-109.43266,38.44485],[-109.43909,38.45258],[-109.44245,38.45839],[-109.44395,38.46067],[-109.44491,38.46182],[-109.45332,38.46998],[-109.45471,38.47159],[-109.45637,38.47447],[-109.45905,38.48172],[-109.45987,38.48334],[-109.46138,38.48556],[-109.46364,38.48812],[-109.52416,38.54918],[-109.52654,38.55094],[-109.5296,38.5526],[-109.54138,38.55689],[-109.54288,38.55756],[-109.5453,38.55902],[-109.5472,38.56064],[-109.54849,38.56213],[-109.54945,38.56364],[-109.55012,38.56512],[-109.5506,38.56677],[-109.55081,38.56866],[-109.55079,38.57327],[-109.54972,38.57325],[-109.54977,38.57336],[-109.55079,38.57327],[-109.55078,38.57882],[-109.5511,38.58002],[-109.55174,38.58118],[-109.55282,38.58237],[-109.5618,38.58962],[-109.5645,38.59241],[-109.57234,38.59803],[-109.57989,38.60588],[-109.58171,38.60662],[-109.5848,38.60661],[-109.58748,38.60642],[-109.59681,38.60502],[-109.59839,38.60503],[-109.59974,38.60523],[-109.60139,38.60577],[-109.60287,38.60662],[-109.60818,38.61101],[-109.60779,38.61144],[-109.60793,38.61187],[-109.60912,38.61243],[-109.61209,38.61475],[-109.6147,38.61614],[-109.61547,38.61647],[-109.61735,38.61663],[-109.61906,38.61625],[-109.62103,38.61545],[-109.62152,38.61549],[-109.62194,38.61585],[-109.62196,38.61656],[-109.62161,38.61744],[-109.62119,38.61804],[-109.62045,38.61848],[-109.61915,38.61877],[-109.61777,38.61836],[-109.61673,38.61869],[-109.61573,38.61866],[-109.61546,38.61879],[-109.61545,38.61901],[-109.61565,38.61912],[-109.61747,38.619],[-109.61766,38.61927],[-109.61737,38.61947],[-109.61652,38.61933],[-109.61486,38.61956],[-109.6095,38.61777],[-109.60607,38.6176],[-109.60569,38.61779],[-109.60551,38.61819],[-109.60624,38.61935],[-109.60612,38.61983],[-109.60542,38.62012],[-109.60333,38.61972],[-109.60217,38.62011],[-109.60155,38.62089],[-109.60102,38.62319],[-109.60034,38.62391],[-109.59963,38.62418],[-109.599,38.62423],[-109.59736,38.6238],[-109.59648,38.62381],[-109.59359,38.62473],[-109.59256,38.62544],[-109.59232,38.62647],[-109.59294,38.62768],[-109.59428,38.62917],[-109.59594,38.62995],[-109.59665,38.63052],[-109.59832,38.63378],[-109.60059,38.63733],[-109.60124,38.63801],[-109.60326,38.63935],[-109.60353,38.6399],[-109.60353,38.64063],[-109.60296,38.6425],[-109.60181,38.64436],[-109.60102,38.64658],[-109.60049,38.64736],[-109.59687,38.6503],[-109.59367,38.65436],[-109.59266,38.65494],[-109.58966,38.65571],[-109.58887,38.65624],[-109.58827,38.6571],[-109.58801,38.658],[-109.5879,38.65939],[-109.58832,38.66212],[-109.58751,38.66489],[-109.5881,38.6685],[-109.58812,38.67141],[-109.58736,38.67653],[-109.58666,38.67849],[-109.58534,38.68024],[-109.58274,38.68248],[-109.58237,38.6833],[-109.58208,38.68519],[-109.58139,38.6863],[-109.58,38.68746],[-109.57746,38.68895],[-109.57637,38.69002],[-109.57497,38.69272],[-109.57251,38.69564],[-109.57147,38.69862],[-109.57075,38.69971],[-109.56942,38.70069],[-109.56525,38.70232],[-109.56404,38.70306],[-109.56324,38.70383],[-109.56283,38.70462],[-109.56197,38.70813],[-109.56102,38.71003],[-109.55955,38.71192],[-109.55705,38.71416],[-109.55653,38.7149],[-109.55613,38.71841],[-109.55587,38.71913],[-109.55538,38.7198],[-109.55247,38.72187],[-109.55167,38.72228],[-109.54673,38.72338],[-109.54447,38.72345],[-109.54313,38.72371],[-109.54007,38.72482],[-109.53951,38.72524],[-109.53901,38.72613],[-109.53905,38.72688],[-109.53942,38.72754],[-109.54132,38.72904],[-109.5429,38.73091],[-109.54415,38.73165],[-109.5456,38.73197],[-109.54852,38.73176],[-109.55127,38.73243],[-109.55412,38.73246],[-109.55544,38.7327],[-109.55659,38.7332],[-109.55901,38.7348],[-109.56121,38.73589],[-109.56324,38.73652],[-109.56678,38.73724],[-109.56778,38.73771],[-109.5696,38.73895],[-109.57046,38.73919],[-109.57296,38.7395],[-109.57395,38.73997],[-109.57431,38.74082],[-109.57387,38.74165],[-109.56982,38.74381],[-109.56915,38.74442],[-109.56869,38.74545],[-109.56883,38.74666],[-109.56928,38.74734],[-109.57135,38.74925],[-109.57176,38.75103],[-109.57293,38.75347],[-109.57498,38.75606],[-109.57608,38.7567],[-109.57738,38.75708],[-109.5786,38.75712],[-109.58071,38.75681],[-109.58164,38.75688],[-109.58253,38.75727],[-109.58313,38.75786],[-109.58342,38.75868],[-109.58384,38.76338],[-109.58351,38.7658],[-109.58362,38.76641],[-109.58399,38.76692],[-109.58458,38.76729],[-109.5876,38.76783],[-109.5885,38.76828],[-109.58896,38.7688],[-109.58969,38.77082],[-109.59222,38.77305],[-109.59262,38.77437],[-109.59354,38.7755],[-109.59382,38.77633],[-109.59336,38.77909],[-109.5929,38.7797],[-109.59159,38.78029],[-109.59141,38.7805],[-109.59031,38.78011],[-109.59005,38.77948],[-109.5893,38.77872],[-109.58876,38.77777],[-109.58875,38.7774],[-109.58917,38.77676]]}}
]}
